Command line invocation:
    /Applications/Xcode.app/Contents/Developer/usr/bin/xcodebuild -project SpotifyLyrics.xcodeproj -scheme SpotifyLyrics -configuration Debug -derivedDataPath DerivedDataMVP1 CODE_SIGN_STYLE=Automatic DEVELOPMENT_TEAM=5RGL84U3V2 "CODE_SIGN_IDENTITY=Apple Development" ENABLE_DEBUG_DYLIB=NO OTHER_CODE_SIGN_FLAGS=--timestamp=none build

Build settings from command line:
    CODE_SIGN_IDENTITY = Apple Development
    CODE_SIGN_STYLE = Automatic
    DEVELOPMENT_TEAM = 5RGL84U3V2
    ENABLE_DEBUG_DYLIB = NO
    OTHER_CODE_SIGN_FLAGS = --timestamp=none

2026-08-05 13:21:40.883 xcodebuild[18308:11835495] [MT] IDERunDestination: Supported platforms for the buildables in the current scheme is empty.
--- xcodebuild: WARNING: Using the first of multiple matching destinations:
{ platform:macOS, arch:arm64, id:00008132-0001685C0103001C, name:My Mac }
{ platform:macOS, arch:x86_64, id:00008132-0001685C0103001C, name:My Mac }
{ platform:macOS, name:Any Mac }
note: Using codesigning identity override: Apple Development
ComputePackagePrebuildTargetDependencyGraph

Prepare packages

CreateBuildRequest

SendProjectDescription

CreateBuildOperation

ComputeTargetDependencyGraph
note: Building targets in dependency order
note: Target dependency graph (1 target)
    Target 'SpotifyLyrics' in project 'SpotifyLyrics' (no dependencies)

GatherProvisioningInputs

CreateBuildDescription

ExecuteExternalTool /Applications/Xcode.app/Contents/Developer/Toolchains/XcodeDefault.xctoolchain/usr/bin/clang -v -E -dM -isysroot /Applications/Xcode.app/Contents/Developer/Platforms/MacOSX.platform/Developer/SDKs/MacOSX26.5.sdk -x c -c /dev/null

ExecuteExternalTool /Applications/Xcode.app/Contents/Developer/Toolchains/XcodeDefault.xctoolchain/usr/bin/swiftc --version

ExecuteExternalTool /Applications/Xcode.app/Contents/Developer/Toolchains/XcodeDefault.xctoolchain/usr/bin/ld -version_details

Build description signature: cdc785fbf3ce85f402cb66b824bacfcd
Build description path: /Users/apple/backup/sptifylyrics/DerivedDataMVP1/Build/Intermediates.noindex/XCBuildData/cdc785fbf3ce85f402cb66b824bacfcd.xcbuilddata
ClangStatCache /Applications/Xcode.app/Contents/Developer/Toolchains/XcodeDefault.xctoolchain/usr/bin/clang-stat-cache /Applications/Xcode.app/Contents/Developer/Platforms/MacOSX.platform/Developer/SDKs/MacOSX26.5.sdk /Users/apple/backup/sptifylyrics/DerivedDataMVP1/SDKStatCaches.noindex/macosx26.5-25F70-e082c4a02f00227109f4ed75e425c832.sdkstatcache
    cd /Users/apple/backup/sptifylyrics/SpotifyLyrics.xcodeproj
    /Applications/Xcode.app/Contents/Developer/Toolchains/XcodeDefault.xctoolchain/usr/bin/clang-stat-cache /Applications/Xcode.app/Contents/Developer/Platforms/MacOSX.platform/Developer/SDKs/MacOSX26.5.sdk -o /Users/apple/backup/sptifylyrics/DerivedDataMVP1/SDKStatCaches.noindex/macosx26.5-25F70-e082c4a02f00227109f4ed75e425c832.sdkstatcache

CreateBuildDirectory /Users/apple/backup/sptifylyrics/DerivedDataMVP1/Build/Intermediates.noindex
    cd /Users/apple/backup/sptifylyrics/SpotifyLyrics.xcodeproj
    builtin-create-build-directory /Users/apple/backup/sptifylyrics/DerivedDataMVP1/Build/Intermediates.noindex

CreateBuildDirectory /Users/apple/backup/sptifylyrics/DerivedDataMVP1/Build/Products
    cd /Users/apple/backup/sptifylyrics/SpotifyLyrics.xcodeproj
    builtin-create-build-directory /Users/apple/backup/sptifylyrics/DerivedDataMVP1/Build/Products

CreateBuildDirectory /Users/apple/backup/sptifylyrics/DerivedDataMVP1/Build/Products/Debug
    cd /Users/apple/backup/sptifylyrics/SpotifyLyrics.xcodeproj
    builtin-create-build-directory /Users/apple/backup/sptifylyrics/DerivedDataMVP1/Build/Products/Debug

CreateBuildDirectory /Users/apple/backup/sptifylyrics/DerivedDataMVP1/Build/Intermediates.noindex/SwiftExplicitPrecompiledModules
    cd /Users/apple/backup/sptifylyrics/SpotifyLyrics.xcodeproj
    builtin-create-build-directory /Users/apple/backup/sptifylyrics/DerivedDataMVP1/Build/Intermediates.noindex/SwiftExplicitPrecompiledModules

CreateBuildDirectory /Users/apple/backup/sptifylyrics/DerivedDataMVP1/Build/Intermediates.noindex/ExplicitPrecompiledModules
    cd /Users/apple/backup/sptifylyrics/SpotifyLyrics.xcodeproj
    builtin-create-build-directory /Users/apple/backup/sptifylyrics/DerivedDataMVP1/Build/Intermediates.noindex/ExplicitPrecompiledModules

CreateBuildDirectory /Users/apple/backup/sptifylyrics/DerivedDataMVP1/Build/Intermediates.noindex/EagerLinkingTBDs/Debug
    cd /Users/apple/backup/sptifylyrics/SpotifyLyrics.xcodeproj
    builtin-create-build-directory /Users/apple/backup/sptifylyrics/DerivedDataMVP1/Build/Intermediates.noindex/EagerLinkingTBDs/Debug

WriteAuxiliaryFile /Users/apple/backup/sptifylyrics/DerivedDataMVP1/Build/Intermediates.noindex/SpotifyLyrics.build/Debug/SpotifyLyrics-b971f73b04188518eac8677a8c31da7a-VFS/all-product-headers.yaml
    cd /Users/apple/backup/sptifylyrics/SpotifyLyrics.xcodeproj
    write-file /Users/apple/backup/sptifylyrics/DerivedDataMVP1/Build/Intermediates.noindex/SpotifyLyrics.build/Debug/SpotifyLyrics-b971f73b04188518eac8677a8c31da7a-VFS/all-product-headers.yaml

WriteAuxiliaryFile /Users/apple/backup/sptifylyrics/DerivedDataMVP1/Build/Intermediates.noindex/SpotifyLyrics.build/Debug/SpotifyLyrics.build/SpotifyLyrics-project-headers.hmap (in target 'SpotifyLyrics' from project 'SpotifyLyrics')
    cd /Users/apple/backup/sptifylyrics
    write-file /Users/apple/backup/sptifylyrics/DerivedDataMVP1/Build/Intermediates.noindex/SpotifyLyrics.build/Debug/SpotifyLyrics.build/SpotifyLyrics-project-headers.hmap

WriteAuxiliaryFile /Users/apple/backup/sptifylyrics/DerivedDataMVP1/Build/Intermediates.noindex/SpotifyLyrics.build/Debug/SpotifyLyrics.build/SpotifyLyrics.DependencyStaticMetadataFileList (in target 'SpotifyLyrics' from project 'SpotifyLyrics')
    cd /Users/apple/backup/sptifylyrics
    write-file /Users/apple/backup/sptifylyrics/DerivedDataMVP1/Build/Intermediates.noindex/SpotifyLyrics.build/Debug/SpotifyLyrics.build/SpotifyLyrics.DependencyStaticMetadataFileList

WriteAuxiliaryFile /Users/apple/backup/sptifylyrics/DerivedDataMVP1/Build/Intermediates.noindex/SpotifyLyrics.build/Debug/SpotifyLyrics.build/SpotifyLyrics.hmap (in target 'SpotifyLyrics' from project 'SpotifyLyrics')
    cd /Users/apple/backup/sptifylyrics
    write-file /Users/apple/backup/sptifylyrics/DerivedDataMVP1/Build/Intermediates.noindex/SpotifyLyrics.build/Debug/SpotifyLyrics.build/SpotifyLyrics.hmap

WriteAuxiliaryFile /Users/apple/backup/sptifylyrics/DerivedDataMVP1/Build/Intermediates.noindex/SpotifyLyrics.build/Debug/SpotifyLyrics.build/SpotifyLyrics.DependencyMetadataFileList (in target 'SpotifyLyrics' from project 'SpotifyLyrics')
    cd /Users/apple/backup/sptifylyrics
    write-file /Users/apple/backup/sptifylyrics/DerivedDataMVP1/Build/Intermediates.noindex/SpotifyLyrics.build/Debug/SpotifyLyrics.build/SpotifyLyrics.DependencyMetadataFileList

WriteAuxiliaryFile /Users/apple/backup/sptifylyrics/DerivedDataMVP1/Build/Intermediates.noindex/SpotifyLyrics.build/Debug/SpotifyLyrics.build/SpotifyLyrics-own-target-headers.hmap (in target 'SpotifyLyrics' from project 'SpotifyLyrics')
    cd /Users/apple/backup/sptifylyrics
    write-file /Users/apple/backup/sptifylyrics/DerivedDataMVP1/Build/Intermediates.noindex/SpotifyLyrics.build/Debug/SpotifyLyrics.build/SpotifyLyrics-own-target-headers.hmap

WriteAuxiliaryFile /Users/apple/backup/sptifylyrics/DerivedDataMVP1/Build/Intermediates.noindex/SpotifyLyrics.build/Debug/SpotifyLyrics.build/SpotifyLyrics-generated-files.hmap (in target 'SpotifyLyrics' from project 'SpotifyLyrics')
    cd /Users/apple/backup/sptifylyrics
    write-file /Users/apple/backup/sptifylyrics/DerivedDataMVP1/Build/Intermediates.noindex/SpotifyLyrics.build/Debug/SpotifyLyrics.build/SpotifyLyrics-generated-files.hmap

WriteAuxiliaryFile /Users/apple/backup/sptifylyrics/DerivedDataMVP1/Build/Intermediates.noindex/SpotifyLyrics.build/Debug/SpotifyLyrics.build/SpotifyLyrics-all-target-headers.hmap (in target 'SpotifyLyrics' from project 'SpotifyLyrics')
    cd /Users/apple/backup/sptifylyrics
    write-file /Users/apple/backup/sptifylyrics/DerivedDataMVP1/Build/Intermediates.noindex/SpotifyLyrics.build/Debug/SpotifyLyrics.build/SpotifyLyrics-all-target-headers.hmap

WriteAuxiliaryFile /Users/apple/backup/sptifylyrics/DerivedDataMVP1/Build/Intermediates.noindex/SpotifyLyrics.build/Debug/SpotifyLyrics.build/SpotifyLyrics-all-non-framework-target-headers.hmap (in target 'SpotifyLyrics' from project 'SpotifyLyrics')
    cd /Users/apple/backup/sptifylyrics
    write-file /Users/apple/backup/sptifylyrics/DerivedDataMVP1/Build/Intermediates.noindex/SpotifyLyrics.build/Debug/SpotifyLyrics.build/SpotifyLyrics-all-non-framework-target-headers.hmap

WriteAuxiliaryFile /Users/apple/backup/sptifylyrics/DerivedDataMVP1/Build/Intermediates.noindex/SpotifyLyrics.build/Debug/SpotifyLyrics.build/Objects-normal/arm64/SpotifyLyrics_const_extract_protocols.json (in target 'SpotifyLyrics' from project 'SpotifyLyrics')
    cd /Users/apple/backup/sptifylyrics
    write-file /Users/apple/backup/sptifylyrics/DerivedDataMVP1/Build/Intermediates.noindex/SpotifyLyrics.build/Debug/SpotifyLyrics.build/Objects-normal/arm64/SpotifyLyrics_const_extract_protocols.json

WriteAuxiliaryFile /Users/apple/backup/sptifylyrics/DerivedDataMVP1/Build/Intermediates.noindex/SpotifyLyrics.build/Debug/SpotifyLyrics.build/Objects-normal/arm64/SpotifyLyrics.SwiftFileList (in target 'SpotifyLyrics' from project 'SpotifyLyrics')
    cd /Users/apple/backup/sptifylyrics
    write-file /Users/apple/backup/sptifylyrics/DerivedDataMVP1/Build/Intermediates.noindex/SpotifyLyrics.build/Debug/SpotifyLyrics.build/Objects-normal/arm64/SpotifyLyrics.SwiftFileList

WriteAuxiliaryFile /Users/apple/backup/sptifylyrics/DerivedDataMVP1/Build/Intermediates.noindex/SpotifyLyrics.build/Debug/SpotifyLyrics.build/Objects-normal/arm64/SpotifyLyrics.SwiftConstValuesFileList (in target 'SpotifyLyrics' from project 'SpotifyLyrics')
    cd /Users/apple/backup/sptifylyrics
    write-file /Users/apple/backup/sptifylyrics/DerivedDataMVP1/Build/Intermediates.noindex/SpotifyLyrics.build/Debug/SpotifyLyrics.build/Objects-normal/arm64/SpotifyLyrics.SwiftConstValuesFileList

WriteAuxiliaryFile /Users/apple/backup/sptifylyrics/DerivedDataMVP1/Build/Intermediates.noindex/SpotifyLyrics.build/Debug/SpotifyLyrics.build/Objects-normal/arm64/SpotifyLyrics.LinkFileList (in target 'SpotifyLyrics' from project 'SpotifyLyrics')
    cd /Users/apple/backup/sptifylyrics
    write-file /Users/apple/backup/sptifylyrics/DerivedDataMVP1/Build/Intermediates.noindex/SpotifyLyrics.build/Debug/SpotifyLyrics.build/Objects-normal/arm64/SpotifyLyrics.LinkFileList

WriteAuxiliaryFile /Users/apple/backup/sptifylyrics/DerivedDataMVP1/Build/Intermediates.noindex/SpotifyLyrics.build/Debug/SpotifyLyrics.build/Objects-normal/arm64/SpotifyLyrics-OutputFileMap.json (in target 'SpotifyLyrics' from project 'SpotifyLyrics')
    cd /Users/apple/backup/sptifylyrics
    write-file /Users/apple/backup/sptifylyrics/DerivedDataMVP1/Build/Intermediates.noindex/SpotifyLyrics.build/Debug/SpotifyLyrics.build/Objects-normal/arm64/SpotifyLyrics-OutputFileMap.json

WriteAuxiliaryFile /Users/apple/backup/sptifylyrics/DerivedDataMVP1/Build/Intermediates.noindex/SpotifyLyrics.build/Debug/SpotifyLyrics.build/DerivedSources/Entitlements.plist (in target 'SpotifyLyrics' from project 'SpotifyLyrics')
    cd /Users/apple/backup/sptifylyrics
    write-file /Users/apple/backup/sptifylyrics/DerivedDataMVP1/Build/Intermediates.noindex/SpotifyLyrics.build/Debug/SpotifyLyrics.build/DerivedSources/Entitlements.plist

MkDir /Users/apple/backup/sptifylyrics/DerivedDataMVP1/Build/Products/Debug/SpotifyLyrics.app/Contents/Resources (in target 'SpotifyLyrics' from project 'SpotifyLyrics')
    cd /Users/apple/backup/sptifylyrics
    /bin/mkdir -p /Users/apple/backup/sptifylyrics/DerivedDataMVP1/Build/Products/Debug/SpotifyLyrics.app/Contents/Resources

MkDir /Users/apple/backup/sptifylyrics/DerivedDataMVP1/Build/Products/Debug/SpotifyLyrics.app/Contents/MacOS (in target 'SpotifyLyrics' from project 'SpotifyLyrics')
    cd /Users/apple/backup/sptifylyrics
    /bin/mkdir -p /Users/apple/backup/sptifylyrics/DerivedDataMVP1/Build/Products/Debug/SpotifyLyrics.app/Contents/MacOS

MkDir /Users/apple/backup/sptifylyrics/DerivedDataMVP1/Build/Products/Debug/SpotifyLyrics.app/Contents (in target 'SpotifyLyrics' from project 'SpotifyLyrics')
    cd /Users/apple/backup/sptifylyrics
    /bin/mkdir -p /Users/apple/backup/sptifylyrics/DerivedDataMVP1/Build/Products/Debug/SpotifyLyrics.app/Contents

MkDir /Users/apple/backup/sptifylyrics/DerivedDataMVP1/Build/Products/Debug/SpotifyLyrics.app (in target 'SpotifyLyrics' from project 'SpotifyLyrics')
    cd /Users/apple/backup/sptifylyrics
    /bin/mkdir -p /Users/apple/backup/sptifylyrics/DerivedDataMVP1/Build/Products/Debug/SpotifyLyrics.app

ProcessProductPackaging /Users/apple/backup/sptifylyrics/SpotifyLyrics/SpotifyLyrics.entitlements /Users/apple/backup/sptifylyrics/DerivedDataMVP1/Build/Intermediates.noindex/SpotifyLyrics.build/Debug/SpotifyLyrics.build/SpotifyLyrics.app.xcent (in target 'SpotifyLyrics' from project 'SpotifyLyrics')
    cd /Users/apple/backup/sptifylyrics
    
    Entitlements:
    
    {
    "com.apple.security.automation.apple-events" = 1;
    "com.apple.security.get-task-allow" = 1;
}
    
    builtin-productPackagingUtility /Users/apple/backup/sptifylyrics/SpotifyLyrics/SpotifyLyrics.entitlements -entitlements -format xml -o /Users/apple/backup/sptifylyrics/DerivedDataMVP1/Build/Intermediates.noindex/SpotifyLyrics.build/Debug/SpotifyLyrics.build/SpotifyLyrics.app.xcent

ProcessProductPackagingDER /Users/apple/backup/sptifylyrics/DerivedDataMVP1/Build/Intermediates.noindex/SpotifyLyrics.build/Debug/SpotifyLyrics.build/SpotifyLyrics.app.xcent /Users/apple/backup/sptifylyrics/DerivedDataMVP1/Build/Intermediates.noindex/SpotifyLyrics.build/Debug/SpotifyLyrics.build/SpotifyLyrics.app.xcent.der (in target 'SpotifyLyrics' from project 'SpotifyLyrics')
    cd /Users/apple/backup/sptifylyrics
    /usr/bin/derq query -f xml -i /Users/apple/backup/sptifylyrics/DerivedDataMVP1/Build/Intermediates.noindex/SpotifyLyrics.build/Debug/SpotifyLyrics.build/SpotifyLyrics.app.xcent -o /Users/apple/backup/sptifylyrics/DerivedDataMVP1/Build/Intermediates.noindex/SpotifyLyrics.build/Debug/SpotifyLyrics.build/SpotifyLyrics.app.xcent.der --raw

ProcessInfoPlistFile /Users/apple/backup/sptifylyrics/DerivedDataMVP1/Build/Products/Debug/SpotifyLyrics.app/Contents/Info.plist /Users/apple/backup/sptifylyrics/SpotifyLyrics/Info-Additions.plist (in target 'SpotifyLyrics' from project 'SpotifyLyrics')
    cd /Users/apple/backup/sptifylyrics
    builtin-infoPlistUtility /Users/apple/backup/sptifylyrics/SpotifyLyrics/Info-Additions.plist -producttype com.apple.product-type.application -genpkginfo /Users/apple/backup/sptifylyrics/DerivedDataMVP1/Build/Products/Debug/SpotifyLyrics.app/Contents/PkgInfo -expandbuildsettings -platform macosx -o /Users/apple/backup/sptifylyrics/DerivedDataMVP1/Build/Products/Debug/SpotifyLyrics.app/Contents/Info.plist

CpResource /Users/apple/backup/sptifylyrics/DerivedDataMVP1/Build/Products/Debug/SpotifyLyrics.app/Contents/Resources/japanese_kanji_readings.json /Users/apple/backup/sptifylyrics/SpotifyLyrics/Resources/japanese_kanji_readings.json (in target 'SpotifyLyrics' from project 'SpotifyLyrics')
    cd /Users/apple/backup/sptifylyrics
    builtin-copy -exclude .DS_Store -exclude CVS -exclude .svn -exclude .git -exclude .hg -resolve-src-symlinks /Users/apple/backup/sptifylyrics/SpotifyLyrics/Resources/japanese_kanji_readings.json /Users/apple/backup/sptifylyrics/DerivedDataMVP1/Build/Products/Debug/SpotifyLyrics.app/Contents/Resources

SwiftDriver SpotifyLyrics normal arm64 com.apple.xcode.tools.swift.compiler (in target 'SpotifyLyrics' from project 'SpotifyLyrics')
    cd /Users/apple/backup/sptifylyrics
    builtin-SwiftDriver -- /Applications/Xcode.app/Contents/Developer/Toolchains/XcodeDefault.xctoolchain/usr/bin/swiftc -module-name SpotifyLyrics -Onone @/Users/apple/backup/sptifylyrics/DerivedDataMVP1/Build/Intermediates.noindex/SpotifyLyrics.build/Debug/SpotifyLyrics.build/Objects-normal/arm64/SpotifyLyrics.SwiftFileList -DDEBUG -enable-bare-slash-regex -enable-experimental-feature DebugDescriptionMacro -sdk /Applications/Xcode.app/Contents/Developer/Platforms/MacOSX.platform/Developer/SDKs/MacOSX26.5.sdk -target arm64-apple-macos14.0 -g -module-cache-path /Users/apple/backup/sptifylyrics/DerivedDataMVP1/ModuleCache.noindex -Xfrontend -serialize-debugging-options -enable-testing -index-store-path /Users/apple/backup/sptifylyrics/DerivedDataMVP1/Index.noindex/DataStore -Xcc -D_LIBCPP_HARDENING_MODE\=_LIBCPP_HARDENING_MODE_DEBUG -swift-version 5 -I /Users/apple/backup/sptifylyrics/DerivedDataMVP1/Build/Products/Debug -F /Users/apple/backup/sptifylyrics/DerivedDataMVP1/Build/Products/Debug -c -j10 -enable-batch-mode -incremental -Xcc -ivfsstatcache -Xcc /Users/apple/backup/sptifylyrics/DerivedDataMVP1/SDKStatCaches.noindex/macosx26.5-25F70-e082c4a02f00227109f4ed75e425c832.sdkstatcache -output-file-map /Users/apple/backup/sptifylyrics/DerivedDataMVP1/Build/Intermediates.noindex/SpotifyLyrics.build/Debug/SpotifyLyrics.build/Objects-normal/arm64/SpotifyLyrics-OutputFileMap.json -use-frontend-parseable-output -save-temps -no-color-diagnostics -explicit-module-build -module-cache-path /Users/apple/backup/sptifylyrics/DerivedDataMVP1/Build/Intermediates.noindex/SwiftExplicitPrecompiledModules -clang-scanner-module-cache-path /Users/apple/backup/sptifylyrics/DerivedDataMVP1/ModuleCache.noindex -sdk-module-cache-path /Users/apple/backup/sptifylyrics/DerivedDataMVP1/ModuleCache.noindex -serialize-diagnostics -emit-dependencies -emit-module -emit-module-path /Users/apple/backup/sptifylyrics/DerivedDataMVP1/Build/Intermediates.noindex/SpotifyLyrics.build/Debug/SpotifyLyrics.build/Objects-normal/arm64/SpotifyLyrics.swiftmodule -validate-clang-modules-once -clang-build-session-file /Users/apple/backup/sptifylyrics/DerivedDataMVP1/ModuleCache.noindex/Session.modulevalidation -Xcc -I/Users/apple/backup/sptifylyrics/DerivedDataMVP1/Build/Intermediates.noindex/SpotifyLyrics.build/Debug/SpotifyLyrics.build/swift-overrides.hmap -emit-const-values -Xfrontend -const-gather-protocols-file -Xfrontend /Users/apple/backup/sptifylyrics/DerivedDataMVP1/Build/Intermediates.noindex/SpotifyLyrics.build/Debug/SpotifyLyrics.build/Objects-normal/arm64/SpotifyLyrics_const_extract_protocols.json -Xcc -iquote -Xcc /Users/apple/backup/sptifylyrics/DerivedDataMVP1/Build/Intermediates.noindex/SpotifyLyrics.build/Debug/SpotifyLyrics.build/SpotifyLyrics-generated-files.hmap -Xcc -I/Users/apple/backup/sptifylyrics/DerivedDataMVP1/Build/Intermediates.noindex/SpotifyLyrics.build/Debug/SpotifyLyrics.build/SpotifyLyrics-own-target-headers.hmap -Xcc -I/Users/apple/backup/sptifylyrics/DerivedDataMVP1/Build/Intermediates.noindex/SpotifyLyrics.build/Debug/SpotifyLyrics.build/SpotifyLyrics-all-target-headers.hmap -Xcc -iquote -Xcc /Users/apple/backup/sptifylyrics/DerivedDataMVP1/Build/Intermediates.noindex/SpotifyLyrics.build/Debug/SpotifyLyrics.build/SpotifyLyrics-project-headers.hmap -Xcc -I/Users/apple/backup/sptifylyrics/DerivedDataMVP1/Build/Products/Debug/include -Xcc -I/Users/apple/backup/sptifylyrics/DerivedDataMVP1/Build/Intermediates.noindex/SpotifyLyrics.build/Debug/SpotifyLyrics.build/DerivedSources-normal/arm64 -Xcc -I/Users/apple/backup/sptifylyrics/DerivedDataMVP1/Build/Intermediates.noindex/SpotifyLyrics.build/Debug/SpotifyLyrics.build/DerivedSources/arm64 -Xcc -I/Users/apple/backup/sptifylyrics/DerivedDataMVP1/Build/Intermediates.noindex/SpotifyLyrics.build/Debug/SpotifyLyrics.build/DerivedSources -Xcc -DDEBUG\=1 -emit-objc-header -emit-objc-header-path /Users/apple/backup/sptifylyrics/DerivedDataMVP1/Build/Intermediates.noindex/SpotifyLyrics.build/Debug/SpotifyLyrics.build/Objects-normal/arm64/SpotifyLyrics-Swift.h -working-directory /Users/apple/backup/sptifylyrics -experimental-emit-module-separately -disable-cmo

SwiftExplicitDependencyGeneratePcm arm64 /Users/apple/backup/sptifylyrics/DerivedDataMVP1/ModuleCache.noindex/_Builtin_stdbool-3S5VW8BLSGHC2R19J8LZGNE0K.pcm

SwiftExplicitDependencyGeneratePcm arm64 /Users/apple/backup/sptifylyrics/DerivedDataMVP1/ModuleCache.noindex/_Builtin_stddef-8TU7F7SGJU7MZ6O3YYNR5LR3K.pcm

SwiftExplicitDependencyGeneratePcm arm64 /Users/apple/backup/sptifylyrics/DerivedDataMVP1/ModuleCache.noindex/ptrauth-39ZAW6UX4WBH1SOC07MHMAYVQ.pcm

SwiftExplicitDependencyGeneratePcm arm64 /Users/apple/backup/sptifylyrics/DerivedDataMVP1/ModuleCache.noindex/ptrcheck-ADMB4D0GF95ZMVBY8VWXFJ45B.pcm

SwiftExplicitDependencyGeneratePcm arm64 /Users/apple/backup/sptifylyrics/DerivedDataMVP1/ModuleCache.noindex/DeveloperToolsSupport-5IZOJI85205OETVIYUHLM7KU.pcm

SwiftExplicitDependencyGeneratePcm arm64 /Users/apple/backup/sptifylyrics/DerivedDataMVP1/ModuleCache.noindex/_Builtin_stdarg-4KS9LUK3LNJHSTH5RQ0MQOT9J.pcm

SwiftExplicitDependencyGeneratePcm arm64 /Users/apple/backup/sptifylyrics/DerivedDataMVP1/ModuleCache.noindex/SwiftShims-A55KWWANWSBT7OA3W2JAJ9NRH.pcm

SwiftExplicitDependencyGeneratePcm arm64 /Users/apple/backup/sptifylyrics/DerivedDataMVP1/ModuleCache.noindex/_AvailabilityInternal-NHJT2MIDHM271987IX09AJG1.pcm

SwiftExplicitDependencyGeneratePcm arm64 /Users/apple/backup/sptifylyrics/DerivedDataMVP1/ModuleCache.noindex/_Builtin_float-8AG3BJZDLX9EB94GVR2HBS8F0.pcm

SwiftExplicitDependencyGeneratePcm arm64 /Users/apple/backup/sptifylyrics/DerivedDataMVP1/ModuleCache.noindex/_SwiftConcurrencyShims-DJEVJWCU5R45OS7R3CJ0ETNQR.pcm

SwiftExplicitDependencyGeneratePcm arm64 /Users/apple/backup/sptifylyrics/DerivedDataMVP1/ModuleCache.noindex/_DarwinFoundation1-57QS8GK7IJ5LF1V7D4VC53L2O.pcm

SwiftExplicitDependencyGeneratePcm arm64 /Users/apple/backup/sptifylyrics/DerivedDataMVP1/ModuleCache.noindex/_Builtin_limits-1EBXIZ85AQAUWUBQQ6E7K2EC8.pcm

SwiftExplicitDependencyGeneratePcm arm64 /Users/apple/backup/sptifylyrics/DerivedDataMVP1/ModuleCache.noindex/_DarwinFoundation2-6EVUF3CAYVRAMMIXA4YQD6EQE.pcm

SwiftExplicitDependencyGeneratePcm arm64 /Users/apple/backup/sptifylyrics/DerivedDataMVP1/ModuleCache.noindex/SQLite3-2ATJWSMZ6IX8HLR1ZOTLXKW4M.pcm

SwiftExplicitDependencyGeneratePcm arm64 /Users/apple/backup/sptifylyrics/DerivedDataMVP1/ModuleCache.noindex/sys_types-5ANT4XZP1SZCEUWYD3FOMESDF.pcm

SwiftExplicitDependencyGeneratePcm arm64 /Users/apple/backup/sptifylyrics/DerivedDataMVP1/ModuleCache.noindex/_Builtin_stdint-B3XQNVJBL2835XCH09M2NN704.pcm

SwiftExplicitDependencyGeneratePcm arm64 /Users/apple/backup/sptifylyrics/DerivedDataMVP1/ModuleCache.noindex/_Builtin_tgmath-2PAUL4IBEBMQZ1K1S6K1QX4SD.pcm

SwiftExplicitDependencyGeneratePcm arm64 /Users/apple/backup/sptifylyrics/DerivedDataMVP1/ModuleCache.noindex/OpenGL-7EY1ICMEZSIPR666H0DNB9BW.pcm

SwiftExplicitDependencyGeneratePcm arm64 /Users/apple/backup/sptifylyrics/DerivedDataMVP1/ModuleCache.noindex/_Builtin_intrinsics-9O8X0I0G9G3Z7VWEKOG9FAB0G.pcm

SwiftExplicitDependencyGeneratePcm arm64 /Users/apple/backup/sptifylyrics/DerivedDataMVP1/ModuleCache.noindex/_DarwinFoundation3-CPYLW6OU19V99G0E0YEP57PVR.pcm

SwiftExplicitDependencyGeneratePcm arm64 /Users/apple/backup/sptifylyrics/DerivedDataMVP1/ModuleCache.noindex/_Builtin_stdatomic-5SN98BKFKX2S4GQNH4WK93CF3.pcm

SwiftExplicitDependencyGeneratePcm arm64 /Users/apple/backup/sptifylyrics/DerivedDataMVP1/ModuleCache.noindex/libDER-AATRTH8I15209JP6C8GP4SQWM.pcm

SwiftExplicitDependencyGeneratePcm arm64 /Users/apple/backup/sptifylyrics/DerivedDataMVP1/ModuleCache.noindex/_Builtin_inttypes-7W836YOE2FCRH1K3Q2BZES20E.pcm

SwiftExplicitDependencyGeneratePcm arm64 /Users/apple/backup/sptifylyrics/DerivedDataMVP1/ModuleCache.noindex/Darwin-DIHHARVB0ZU702MRQX0KXR3J6.pcm

SwiftExplicitDependencyGeneratePcm arm64 /Users/apple/backup/sptifylyrics/DerivedDataMVP1/ModuleCache.noindex/simd-987HI2832ZW1YJETCTBYKCVV.pcm

SwiftExplicitDependencyGeneratePcm arm64 /Users/apple/backup/sptifylyrics/DerivedDataMVP1/ModuleCache.noindex/libkern-4VK85DE0778Y09PMQLHFI07OW.pcm

SwiftExplicitDependencyGeneratePcm arm64 /Users/apple/backup/sptifylyrics/DerivedDataMVP1/ModuleCache.noindex/CUPS-QB6VW8P8LZ9EWEK3AEFHDQZO.pcm

SwiftExplicitDependencyGeneratePcm arm64 /Users/apple/backup/sptifylyrics/DerivedDataMVP1/ModuleCache.noindex/MachO-3HLPW2ZP5J8P2B0CT42HI9A9R.pcm

SwiftExplicitDependencyGeneratePcm arm64 /Users/apple/backup/sptifylyrics/DerivedDataMVP1/ModuleCache.noindex/launch-DG8VDPDAQOW272LG9PBM5Q6BA.pcm

SwiftExplicitDependencyGeneratePcm arm64 /Users/apple/backup/sptifylyrics/DerivedDataMVP1/ModuleCache.noindex/Spatial-79E6DNG8BCU52DPGICMP4637H.pcm

SwiftExplicitDependencyGeneratePcm arm64 /Users/apple/backup/sptifylyrics/DerivedDataMVP1/ModuleCache.noindex/ObjectiveC-640IGWWLZ0ZUS7SG6PWX4NU1W.pcm

SwiftExplicitDependencyGeneratePcm arm64 /Users/apple/backup/sptifylyrics/DerivedDataMVP1/ModuleCache.noindex/os_object-AF7Q0DY6L88HW8J9TYG10L72G.pcm

SwiftExplicitDependencyGeneratePcm arm64 /Users/apple/backup/sptifylyrics/DerivedDataMVP1/ModuleCache.noindex/os_workgroup-7QJ0HKU9PXWDRLO3S58P191C5.pcm

SwiftExplicitDependencyGeneratePcm arm64 /Users/apple/backup/sptifylyrics/DerivedDataMVP1/ModuleCache.noindex/Dispatch-C1IYELH1NUVRG9X9R95ULX9OO.pcm

SwiftExplicitDependencyGeneratePcm arm64 /Users/apple/backup/sptifylyrics/DerivedDataMVP1/ModuleCache.noindex/CoreFoundation-BH043LHGBG63SOL8LJ6XLI0S4.pcm

SwiftExplicitDependencyGeneratePcm arm64 /Users/apple/backup/sptifylyrics/DerivedDataMVP1/ModuleCache.noindex/XPC-7PSVLD1XSX6QXP5I6B76YL70V.pcm

SwiftExplicitDependencyGeneratePcm arm64 /Users/apple/backup/sptifylyrics/DerivedDataMVP1/ModuleCache.noindex/dnssd-6HZMNTJDHS16OFUGE6TPWMRF3.pcm

SwiftExplicitDependencyGeneratePcm arm64 /Users/apple/backup/sptifylyrics/DerivedDataMVP1/ModuleCache.noindex/os-4EM5WO4I8EZI4B8PAR5P1OU2T.pcm

SwiftExplicitDependencyGeneratePcm arm64 /Users/apple/backup/sptifylyrics/DerivedDataMVP1/ModuleCache.noindex/ColorSync-DPHGUW8SGOJA0RQH20337CFS.pcm

SwiftExplicitDependencyGeneratePcm arm64 /Users/apple/backup/sptifylyrics/DerivedDataMVP1/ModuleCache.noindex/CoreAudioTypes-E0QKVP4QUFNKV3T7E6NLKMOT8.pcm

SwiftExplicitDependencyGeneratePcm arm64 /Users/apple/backup/sptifylyrics/DerivedDataMVP1/ModuleCache.noindex/CFNetwork-7QXG1XV7B85NXOS33BDREL801.pcm

SwiftExplicitDependencyGeneratePcm arm64 /Users/apple/backup/sptifylyrics/DerivedDataMVP1/ModuleCache.noindex/Security-BC4S86G23VIGMUQL11Y4PVZ3J.pcm

SwiftExplicitDependencyGeneratePcm arm64 /Users/apple/backup/sptifylyrics/DerivedDataMVP1/ModuleCache.noindex/IOKit-7JV1FRDPJ7H8N8OEX3RMZ8LTU.pcm

SwiftExplicitDependencyGeneratePcm arm64 /Users/apple/backup/sptifylyrics/DerivedDataMVP1/ModuleCache.noindex/DiskArbitration-2JCP8UH3SRDFTEVABAZSIM9ET.pcm

SwiftExplicitDependencyGeneratePcm arm64 /Users/apple/backup/sptifylyrics/DerivedDataMVP1/ModuleCache.noindex/CoreGraphics-9E1Q21P9DYEM5D6U47XEDM24Y.pcm

SwiftExplicitDependencyGeneratePcm arm64 /Users/apple/backup/sptifylyrics/DerivedDataMVP1/ModuleCache.noindex/CoreServices-Y8GL93QU5R6OL2RC0FKTHYYV.pcm

SwiftExplicitDependencyGeneratePcm arm64 /Users/apple/backup/sptifylyrics/DerivedDataMVP1/ModuleCache.noindex/CoreText-484BWCKF1ODK87I4ER4IAHMJC.pcm

SwiftExplicitDependencyGeneratePcm arm64 /Users/apple/backup/sptifylyrics/DerivedDataMVP1/ModuleCache.noindex/ImageIO-45IDH35JF1666VZRKJ7NFEPOR.pcm

SwiftExplicitDependencyGeneratePcm arm64 /Users/apple/backup/sptifylyrics/DerivedDataMVP1/ModuleCache.noindex/Foundation-5OZT2CF5D7IWLD0Z6WFMZ4QBZ.pcm

SwiftExplicitDependencyGeneratePcm arm64 /Users/apple/backup/sptifylyrics/DerivedDataMVP1/ModuleCache.noindex/CoreTransferable-E4X7KRCVBR1HS9EGCHVW7REKU.pcm

SwiftExplicitDependencyGeneratePcm arm64 /Users/apple/backup/sptifylyrics/DerivedDataMVP1/ModuleCache.noindex/Network-6TF17VAKH8VEVH3B37YIA42MG.pcm

SwiftExplicitDependencyGeneratePcm arm64 /Users/apple/backup/sptifylyrics/DerivedDataMVP1/ModuleCache.noindex/LocalAuthentication-AYCAWZ11MWCQQRT6679KMVNN9.pcm

SwiftExplicitDependencyGeneratePcm arm64 /Users/apple/backup/sptifylyrics/DerivedDataMVP1/ModuleCache.noindex/UniformTypeIdentifiers-DN47LYXR30ZSG6I7FWMT5X6HZ.pcm

SwiftExplicitDependencyGeneratePcm arm64 /Users/apple/backup/sptifylyrics/DerivedDataMVP1/ModuleCache.noindex/ApplicationServices-37LJ8KW06NWF3CZV2R7TC2R5H.pcm

SwiftExplicitDependencyGeneratePcm arm64 /Users/apple/backup/sptifylyrics/DerivedDataMVP1/ModuleCache.noindex/Symbols-OA5D74Y8AKPP2N7B7WQG893N.pcm

SwiftExplicitDependencyGeneratePcm arm64 /Users/apple/backup/sptifylyrics/DerivedDataMVP1/ModuleCache.noindex/Accessibility-CJSUBND2LHDVPBKN9TAZWG8BD.pcm

SwiftExplicitDependencyGeneratePcm arm64 /Users/apple/backup/sptifylyrics/DerivedDataMVP1/ModuleCache.noindex/CoreAudio-2E14DLBHWOXBKGX5Y1NVE8W4D.pcm

SwiftExplicitDependencyGeneratePcm arm64 /Users/apple/backup/sptifylyrics/DerivedDataMVP1/ModuleCache.noindex/CoreData-8KULDLAAEJD3TV9XYX0TUU6K5.pcm

SwiftExplicitDependencyGeneratePcm arm64 /Users/apple/backup/sptifylyrics/DerivedDataMVP1/ModuleCache.noindex/IOSurface-B893N9Q1SAFJA4E2JT88XM7Q5.pcm

SwiftExplicitDependencyGeneratePcm arm64 /Users/apple/backup/sptifylyrics/DerivedDataMVP1/ModuleCache.noindex/DataDetection-C4G8AYTCAI020A1WV3QAGVT2S.pcm

SwiftExplicitDependencyGeneratePcm arm64 /Users/apple/backup/sptifylyrics/DerivedDataMVP1/ModuleCache.noindex/OSLog-AUFNP5O894EGRYPSMBCDJG2S6.pcm

SwiftExplicitDependencyGeneratePcm arm64 /Users/apple/backup/sptifylyrics/DerivedDataMVP1/ModuleCache.noindex/Metal-9GE3RA8OIV5WY9X0P4N10PU8O.pcm

SwiftExplicitDependencyGeneratePcm arm64 /Users/apple/backup/sptifylyrics/DerivedDataMVP1/ModuleCache.noindex/CoreMIDI-C5DLADVOUFT3MLJD36KNUYM5.pcm

SwiftExplicitDependencyGeneratePcm arm64 /Users/apple/backup/sptifylyrics/DerivedDataMVP1/ModuleCache.noindex/Translation-5BZ7BZS1GRLKNKXB1W7E10C7N.pcm

SwiftExplicitDependencyGeneratePcm arm64 /Users/apple/backup/sptifylyrics/DerivedDataMVP1/ModuleCache.noindex/Carbon-E5386JI2HD2B79UEASM8QAJWB.pcm

SwiftExplicitDependencyGeneratePcm arm64 /Users/apple/backup/sptifylyrics/DerivedDataMVP1/ModuleCache.noindex/CoreVideo-B69E9QZNU8YVL9QACPHE8HAAH.pcm

SwiftExplicitDependencyGeneratePcm arm64 /Users/apple/backup/sptifylyrics/DerivedDataMVP1/ModuleCache.noindex/AudioToolbox-XJG5WXAY3NZCMAMO2PVJH0LE.pcm

SwiftExplicitDependencyGeneratePcm arm64 /Users/apple/backup/sptifylyrics/DerivedDataMVP1/ModuleCache.noindex/QuartzCore-I6XG3CG2YDF76R4YKMRSQLQ4.pcm

SwiftExplicitDependencyGeneratePcm arm64 /Users/apple/backup/sptifylyrics/DerivedDataMVP1/ModuleCache.noindex/CoreMedia-7BMZ2EYPSPHH4VZ4RQRHT67U5.pcm

SwiftExplicitDependencyGeneratePcm arm64 /Users/apple/backup/sptifylyrics/DerivedDataMVP1/ModuleCache.noindex/CoreImage-BK8SDLPS30T4ACLC0Q2ZJG08V.pcm

SwiftExplicitDependencyGeneratePcm arm64 /Users/apple/backup/sptifylyrics/DerivedDataMVP1/ModuleCache.noindex/SwiftUICore-A8LORY0SITPJQ9LKZRKDSABFW.pcm

SwiftExplicitDependencyGeneratePcm arm64 /Users/apple/backup/sptifylyrics/DerivedDataMVP1/ModuleCache.noindex/MediaToolbox-1UGJXDGQ2ZNZIXTH302QQYBT9.pcm

SwiftExplicitDependencyGeneratePcm arm64 /Users/apple/backup/sptifylyrics/DerivedDataMVP1/ModuleCache.noindex/AVFAudio-DWJ2KH3L45ZSCLGZWJA3I0N4P.pcm

SwiftExplicitDependencyGeneratePcm arm64 /Users/apple/backup/sptifylyrics/DerivedDataMVP1/ModuleCache.noindex/AppKit-EADVB39S8DU5Q9MN9UAR9P0FQ.pcm

SwiftExplicitDependencyGeneratePcm arm64 /Users/apple/backup/sptifylyrics/DerivedDataMVP1/ModuleCache.noindex/AVFoundation-BQU7IAPSV5JU0LGB5RDKC6EUQ.pcm

SwiftExplicitDependencyGeneratePcm arm64 /Users/apple/backup/sptifylyrics/DerivedDataMVP1/ModuleCache.noindex/Speech-U9NYE1PLC12BAE14DYWMMT4X.pcm

SwiftExplicitDependencyGeneratePcm arm64 /Users/apple/backup/sptifylyrics/DerivedDataMVP1/ModuleCache.noindex/SwiftUI-6E287S757C4RA8TZ3ZVFBNSS2.pcm

SwiftExplicitDependencyGeneratePcm arm64 /Users/apple/backup/sptifylyrics/DerivedDataMVP1/ModuleCache.noindex/ScreenCaptureKit-6IYNXZNLPXKPU5DANCPFMKY2.pcm

SwiftEmitModule normal arm64 Emitting\ module\ for\ SpotifyLyrics (in target 'SpotifyLyrics' from project 'SpotifyLyrics')

EmitSwiftModule normal arm64 (in target 'SpotifyLyrics' from project 'SpotifyLyrics')
    cd /Users/apple/backup/sptifylyrics
    
2026-08-05 13:21:48.949 xcodebuild[18308:11835542]  DVTAssertions: Warning in DVTiOSFrameworks/DTDeviceKitBase/DTDKRemoteDeviceData.m:403
Details:  (null) deviceType from 00008310-001C42DA14D80032 was NULL when -platform called.
Object:   <DTDKMobileDeviceToken: 0x104fa9ff0>
Method:   -platform
Thread:   <NSThread: 0x8e3ca5840>{number = 7, name = (null)}
Please file a bug at https://feedbackassistant.apple.com with this warning message and any useful information you can provide.
/Users/apple/backup/sptifylyrics/SpotifyLyrics/Capture/WhisperCLISpeechEngine.swift:16:17: warning: stored property 'fileManager' of 'Sendable'-conforming struct 'WhisperCLISpeechEngine' has non-Sendable type 'FileManager'; this is an error in the Swift 6 language mode
    private let fileManager: FileManager
                ^
/Applications/Xcode.app/Contents/Developer/Platforms/MacOSX.platform/Developer/SDKs/MacOSX26.5.sdk/System/Library/Frameworks/Foundation.framework/Headers/NSFileManager.h:96:12: note: class 'FileManager' does not conform to the 'Sendable' protocol
@interface NSFileManager : NSObject
           ^

SwiftCompile normal arm64 Compiling\ SQLiteLyricsRepository.swift,\ SpotifyAPIModels.swift,\ SpotifyTokenStore.swift,\ SpotifyCatalogService.swift,\ SpotifyAuthorizationManager.swift,\ SpotifyTrackMapper.swift,\ SpotifySearchProvider.swift,\ AppSettingsStore.swift,\ LyricsProviderConfiguration.swift,\ WindowStatePersistence.swift,\ SettingsDataController.swift,\ SettingsRootView.swift,\ ReadingSettingsView.swift,\ AITranslationModels.swift,\ AITranslationConfiguration.swift,\ AITranslationKeychain.swift,\ AITranslationPromptBuilder.swift /Users/apple/backup/sptifylyrics/SpotifyLyrics/Persistence/SQLiteLyricsRepository.swift /Users/apple/backup/sptifylyrics/SpotifyLyrics/Spotify/SpotifyAPIModels.swift /Users/apple/backup/sptifylyrics/SpotifyLyrics/Spotify/SpotifyTokenStore.swift /Users/apple/backup/sptifylyrics/SpotifyLyrics/Spotify/SpotifyCatalogService.swift /Users/apple/backup/sptifylyrics/SpotifyLyrics/Spotify/SpotifyAuthorizationManager.swift /Users/apple/backup/sptifylyrics/SpotifyLyrics/Search/SpotifyTrackMapper.swift /Users/apple/backup/sptifylyrics/SpotifyLyrics/Search/SpotifySearchProvider.swift /Users/apple/backup/sptifylyrics/SpotifyLyrics/Settings/AppSettingsStore.swift /Users/apple/backup/sptifylyrics/SpotifyLyrics/Settings/LyricsProviderConfiguration.swift /Users/apple/backup/sptifylyrics/SpotifyLyrics/Settings/WindowStatePersistence.swift /Users/apple/backup/sptifylyrics/SpotifyLyrics/Settings/SettingsDataController.swift /Users/apple/backup/sptifylyrics/SpotifyLyrics/Views/Settings/SettingsRootView.swift /Users/apple/backup/sptifylyrics/SpotifyLyrics/Views/Settings/ReadingSettingsView.swift /Users/apple/backup/sptifylyrics/SpotifyLyrics/AI/AITranslationModels.swift /Users/apple/backup/sptifylyrics/SpotifyLyrics/AI/AITranslationConfiguration.swift /Users/apple/backup/sptifylyrics/SpotifyLyrics/AI/AITranslationKeychain.swift /Users/apple/backup/sptifylyrics/SpotifyLyrics/AI/AITranslationPromptBuilder.swift (in target 'SpotifyLyrics' from project 'SpotifyLyrics')
SwiftCompile normal arm64 /Users/apple/backup/sptifylyrics/SpotifyLyrics/Persistence/SQLiteLyricsRepository.swift (in target 'SpotifyLyrics' from project 'SpotifyLyrics')
    cd /Users/apple/backup/sptifylyrics
    

SwiftCompile normal arm64 /Users/apple/backup/sptifylyrics/SpotifyLyrics/Spotify/SpotifyAPIModels.swift (in target 'SpotifyLyrics' from project 'SpotifyLyrics')
    cd /Users/apple/backup/sptifylyrics
    

SwiftCompile normal arm64 /Users/apple/backup/sptifylyrics/SpotifyLyrics/Spotify/SpotifyTokenStore.swift (in target 'SpotifyLyrics' from project 'SpotifyLyrics')
    cd /Users/apple/backup/sptifylyrics
    
/Users/apple/backup/sptifylyrics/SpotifyLyrics/Spotify/SpotifyTokenStore.swift:82:52: warning: 'kSecUseAuthenticationUIFail' was deprecated in macOS 11.0: Instead of kSecUseAuthenticationUI, use kSecUseAuthenticationContext and set LAContext.interactionNotAllowed property
        query[kSecUseAuthenticationUI as String] = kSecUseAuthenticationUIFail
                                                   ^
/Users/apple/backup/sptifylyrics/SpotifyLyrics/Spotify/SpotifyTokenStore.swift:212:29: warning: 'SecTrustedApplicationCreateFromPath' was deprecated in macOS 10.10: SecKeychain is deprecated
        let trustedStatus = SecTrustedApplicationCreateFromPath(nil, &trustedApplication)
                            ^
/Users/apple/backup/sptifylyrics/SpotifyLyrics/Spotify/SpotifyTokenStore.swift:219:28: warning: 'SecAccessCreate' was deprecated in macOS 10.10: SecKeychain is deprecated
        let accessStatus = SecAccessCreate(
                           ^

SwiftCompile normal arm64 /Users/apple/backup/sptifylyrics/SpotifyLyrics/Spotify/SpotifyCatalogService.swift (in target 'SpotifyLyrics' from project 'SpotifyLyrics')
    cd /Users/apple/backup/sptifylyrics
    

SwiftCompile normal arm64 /Users/apple/backup/sptifylyrics/SpotifyLyrics/Spotify/SpotifyAuthorizationManager.swift (in target 'SpotifyLyrics' from project 'SpotifyLyrics')
    cd /Users/apple/backup/sptifylyrics
    

SwiftCompile normal arm64 /Users/apple/backup/sptifylyrics/SpotifyLyrics/Search/SpotifyTrackMapper.swift (in target 'SpotifyLyrics' from project 'SpotifyLyrics')
    cd /Users/apple/backup/sptifylyrics
    

SwiftCompile normal arm64 /Users/apple/backup/sptifylyrics/SpotifyLyrics/Search/SpotifySearchProvider.swift (in target 'SpotifyLyrics' from project 'SpotifyLyrics')
    cd /Users/apple/backup/sptifylyrics
    

SwiftCompile normal arm64 /Users/apple/backup/sptifylyrics/SpotifyLyrics/Settings/AppSettingsStore.swift (in target 'SpotifyLyrics' from project 'SpotifyLyrics')
    cd /Users/apple/backup/sptifylyrics
    

SwiftCompile normal arm64 /Users/apple/backup/sptifylyrics/SpotifyLyrics/Settings/LyricsProviderConfiguration.swift (in target 'SpotifyLyrics' from project 'SpotifyLyrics')
    cd /Users/apple/backup/sptifylyrics
    

SwiftCompile normal arm64 /Users/apple/backup/sptifylyrics/SpotifyLyrics/Settings/WindowStatePersistence.swift (in target 'SpotifyLyrics' from project 'SpotifyLyrics')
    cd /Users/apple/backup/sptifylyrics
    

SwiftCompile normal arm64 /Users/apple/backup/sptifylyrics/SpotifyLyrics/Settings/SettingsDataController.swift (in target 'SpotifyLyrics' from project 'SpotifyLyrics')
    cd /Users/apple/backup/sptifylyrics
    

SwiftCompile normal arm64 /Users/apple/backup/sptifylyrics/SpotifyLyrics/Views/Settings/SettingsRootView.swift (in target 'SpotifyLyrics' from project 'SpotifyLyrics')
    cd /Users/apple/backup/sptifylyrics
    

SwiftCompile normal arm64 /Users/apple/backup/sptifylyrics/SpotifyLyrics/Views/Settings/ReadingSettingsView.swift (in target 'SpotifyLyrics' from project 'SpotifyLyrics')
    cd /Users/apple/backup/sptifylyrics
    

SwiftCompile normal arm64 /Users/apple/backup/sptifylyrics/SpotifyLyrics/AI/AITranslationModels.swift (in target 'SpotifyLyrics' from project 'SpotifyLyrics')
    cd /Users/apple/backup/sptifylyrics
    

SwiftCompile normal arm64 /Users/apple/backup/sptifylyrics/SpotifyLyrics/AI/AITranslationConfiguration.swift (in target 'SpotifyLyrics' from project 'SpotifyLyrics')
    cd /Users/apple/backup/sptifylyrics
    

SwiftCompile normal arm64 /Users/apple/backup/sptifylyrics/SpotifyLyrics/AI/AITranslationKeychain.swift (in target 'SpotifyLyrics' from project 'SpotifyLyrics')
    cd /Users/apple/backup/sptifylyrics
    

SwiftCompile normal arm64 /Users/apple/backup/sptifylyrics/SpotifyLyrics/AI/AITranslationPromptBuilder.swift (in target 'SpotifyLyrics' from project 'SpotifyLyrics')
    cd /Users/apple/backup/sptifylyrics
    

SwiftCompile normal arm64 Compiling\ PresentationPreviewLabView.swift,\ PresentationPreviewAdapters.swift,\ FloatingLyricsPresentation.swift,\ FloatingLyricsStatusView.swift,\ FloatingLyricsView.swift,\ FloatingLyricsWindowPersistence.swift,\ FloatingLyricsWindowController.swift,\ CapsuleLyricsPresentation.swift,\ CapsuleLyricsStatusView.swift,\ CapsuleLyricsView.swift,\ CapsuleLyricsWindowPersistence.swift,\ CapsuleLyricsWindowController.swift,\ FullScreenLyricsWindowController.swift,\ FullScreenLyricsPresentation.swift,\ FullScreenLyricsView.swift,\ LyricsLanguageGate.swift /Users/apple/backup/sptifylyrics/SpotifyLyrics/Views/Debug/PresentationPreviewLabView.swift /Users/apple/backup/sptifylyrics/SpotifyLyrics/Views/Debug/PresentationPreviewAdapters.swift /Users/apple/backup/sptifylyrics/SpotifyLyrics/Lyrics/FloatingLyricsPresentation.swift /Users/apple/backup/sptifylyrics/SpotifyLyrics/Views/Floating/FloatingLyricsStatusView.swift /Users/apple/backup/sptifylyrics/SpotifyLyrics/Views/Floating/FloatingLyricsView.swift /Users/apple/backup/sptifylyrics/SpotifyLyrics/Windows/FloatingLyricsWindowPersistence.swift /Users/apple/backup/sptifylyrics/SpotifyLyrics/Windows/FloatingLyricsWindowController.swift /Users/apple/backup/sptifylyrics/SpotifyLyrics/Lyrics/CapsuleLyricsPresentation.swift /Users/apple/backup/sptifylyrics/SpotifyLyrics/Views/Capsule/CapsuleLyricsStatusView.swift /Users/apple/backup/sptifylyrics/SpotifyLyrics/Views/Capsule/CapsuleLyricsView.swift /Users/apple/backup/sptifylyrics/SpotifyLyrics/Windows/CapsuleLyricsWindowPersistence.swift /Users/apple/backup/sptifylyrics/SpotifyLyrics/Windows/CapsuleLyricsWindowController.swift /Users/apple/backup/sptifylyrics/SpotifyLyrics/Windows/FullScreenLyricsWindowController.swift /Users/apple/backup/sptifylyrics/SpotifyLyrics/Lyrics/FullScreenLyricsPresentation.swift /Users/apple/backup/sptifylyrics/SpotifyLyrics/Views/Fullscreen/FullScreenLyricsView.swift /Users/apple/backup/sptifylyrics/SpotifyLyrics/Lyrics/LyricsLanguageGate.swift (in target 'SpotifyLyrics' from project 'SpotifyLyrics')
SwiftCompile normal arm64 /Users/apple/backup/sptifylyrics/SpotifyLyrics/Views/Debug/PresentationPreviewLabView.swift (in target 'SpotifyLyrics' from project 'SpotifyLyrics')
    cd /Users/apple/backup/sptifylyrics
    

SwiftCompile normal arm64 /Users/apple/backup/sptifylyrics/SpotifyLyrics/Views/Debug/PresentationPreviewAdapters.swift (in target 'SpotifyLyrics' from project 'SpotifyLyrics')
    cd /Users/apple/backup/sptifylyrics
    

SwiftCompile normal arm64 /Users/apple/backup/sptifylyrics/SpotifyLyrics/Lyrics/FloatingLyricsPresentation.swift (in target 'SpotifyLyrics' from project 'SpotifyLyrics')
    cd /Users/apple/backup/sptifylyrics
    

SwiftCompile normal arm64 /Users/apple/backup/sptifylyrics/SpotifyLyrics/Views/Floating/FloatingLyricsStatusView.swift (in target 'SpotifyLyrics' from project 'SpotifyLyrics')
    cd /Users/apple/backup/sptifylyrics
    

SwiftCompile normal arm64 /Users/apple/backup/sptifylyrics/SpotifyLyrics/Views/Floating/FloatingLyricsView.swift (in target 'SpotifyLyrics' from project 'SpotifyLyrics')
    cd /Users/apple/backup/sptifylyrics
    

SwiftCompile normal arm64 /Users/apple/backup/sptifylyrics/SpotifyLyrics/Windows/FloatingLyricsWindowPersistence.swift (in target 'SpotifyLyrics' from project 'SpotifyLyrics')
    cd /Users/apple/backup/sptifylyrics
    

SwiftCompile normal arm64 /Users/apple/backup/sptifylyrics/SpotifyLyrics/Windows/FloatingLyricsWindowController.swift (in target 'SpotifyLyrics' from project 'SpotifyLyrics')
    cd /Users/apple/backup/sptifylyrics
    

SwiftCompile normal arm64 /Users/apple/backup/sptifylyrics/SpotifyLyrics/Lyrics/CapsuleLyricsPresentation.swift (in target 'SpotifyLyrics' from project 'SpotifyLyrics')
    cd /Users/apple/backup/sptifylyrics
    

SwiftCompile normal arm64 /Users/apple/backup/sptifylyrics/SpotifyLyrics/Views/Capsule/CapsuleLyricsStatusView.swift (in target 'SpotifyLyrics' from project 'SpotifyLyrics')
    cd /Users/apple/backup/sptifylyrics
    

SwiftCompile normal arm64 /Users/apple/backup/sptifylyrics/SpotifyLyrics/Views/Capsule/CapsuleLyricsView.swift (in target 'SpotifyLyrics' from project 'SpotifyLyrics')
    cd /Users/apple/backup/sptifylyrics
    

SwiftCompile normal arm64 /Users/apple/backup/sptifylyrics/SpotifyLyrics/Windows/CapsuleLyricsWindowPersistence.swift (in target 'SpotifyLyrics' from project 'SpotifyLyrics')
    cd /Users/apple/backup/sptifylyrics
    

SwiftCompile normal arm64 /Users/apple/backup/sptifylyrics/SpotifyLyrics/Windows/CapsuleLyricsWindowController.swift (in target 'SpotifyLyrics' from project 'SpotifyLyrics')
    cd /Users/apple/backup/sptifylyrics
    

SwiftCompile normal arm64 /Users/apple/backup/sptifylyrics/SpotifyLyrics/Windows/FullScreenLyricsWindowController.swift (in target 'SpotifyLyrics' from project 'SpotifyLyrics')
    cd /Users/apple/backup/sptifylyrics
    

SwiftCompile normal arm64 /Users/apple/backup/sptifylyrics/SpotifyLyrics/Lyrics/FullScreenLyricsPresentation.swift (in target 'SpotifyLyrics' from project 'SpotifyLyrics')
    cd /Users/apple/backup/sptifylyrics
    

SwiftCompile normal arm64 /Users/apple/backup/sptifylyrics/SpotifyLyrics/Views/Fullscreen/FullScreenLyricsView.swift (in target 'SpotifyLyrics' from project 'SpotifyLyrics')
    cd /Users/apple/backup/sptifylyrics
    

SwiftCompile normal arm64 /Users/apple/backup/sptifylyrics/SpotifyLyrics/Lyrics/LyricsLanguageGate.swift (in target 'SpotifyLyrics' from project 'SpotifyLyrics')
    cd /Users/apple/backup/sptifylyrics
    

SwiftCompile normal arm64 Compiling\ LRCLIBLyricsProvider.swift,\ CompositeLyricsProvider.swift,\ LyricsSessionController.swift,\ TrackBackdropView.swift,\ BackdropPalette.swift,\ MainWindowLayoutStyle.swift,\ ImmersiveSplitWindowView.swift,\ ArtworkView.swift,\ TrackMetadataView.swift,\ PlaybackControlsView.swift,\ LyricsViewport.swift,\ ArtworkBackgroundView.swift,\ SongSearchModels.swift,\ SongSearchProvider.swift,\ LocalSearchProvider.swift,\ SpotifyCurrentTrackProvider.swift,\ LRCLIBProvider.swift /Users/apple/backup/sptifylyrics/SpotifyLyrics/Lyrics/LRCLIBLyricsProvider.swift /Users/apple/backup/sptifylyrics/SpotifyLyrics/Lyrics/CompositeLyricsProvider.swift /Users/apple/backup/sptifylyrics/SpotifyLyrics/Services/LyricsSessionController.swift /Users/apple/backup/sptifylyrics/SpotifyLyrics/Views/Components/TrackBackdropView.swift /Users/apple/backup/sptifylyrics/SpotifyLyrics/Design/BackdropPalette.swift /Users/apple/backup/sptifylyrics/SpotifyLyrics/Design/MainWindowLayoutStyle.swift /Users/apple/backup/sptifylyrics/SpotifyLyrics/Views/MainWindow/ImmersiveSplitWindowView.swift /Users/apple/backup/sptifylyrics/SpotifyLyrics/Views/Components/ArtworkView.swift /Users/apple/backup/sptifylyrics/SpotifyLyrics/Views/Components/TrackMetadataView.swift /Users/apple/backup/sptifylyrics/SpotifyLyrics/Views/Components/PlaybackControlsView.swift /Users/apple/backup/sptifylyrics/SpotifyLyrics/Views/Components/LyricsViewport.swift /Users/apple/backup/sptifylyrics/SpotifyLyrics/Views/Components/ArtworkBackgroundView.swift /Users/apple/backup/sptifylyrics/SpotifyLyrics/Search/SongSearchModels.swift /Users/apple/backup/sptifylyrics/SpotifyLyrics/Search/SongSearchProvider.swift /Users/apple/backup/sptifylyrics/SpotifyLyrics/Search/LocalSearchProvider.swift /Users/apple/backup/sptifylyrics/SpotifyLyrics/Search/SpotifyCurrentTrackProvider.swift /Users/apple/backup/sptifylyrics/SpotifyLyrics/Search/LRCLIBProvider.swift (in target 'SpotifyLyrics' from project 'SpotifyLyrics')

SwiftCompile normal arm64 /Users/apple/backup/sptifylyrics/SpotifyLyrics/Lyrics/LRCLIBLyricsProvider.swift (in target 'SpotifyLyrics' from project 'SpotifyLyrics')
    cd /Users/apple/backup/sptifylyrics
    

SwiftCompile normal arm64 /Users/apple/backup/sptifylyrics/SpotifyLyrics/Lyrics/CompositeLyricsProvider.swift (in target 'SpotifyLyrics' from project 'SpotifyLyrics')
    cd /Users/apple/backup/sptifylyrics
    

SwiftCompile normal arm64 /Users/apple/backup/sptifylyrics/SpotifyLyrics/Services/LyricsSessionController.swift (in target 'SpotifyLyrics' from project 'SpotifyLyrics')
    cd /Users/apple/backup/sptifylyrics
    

SwiftCompile normal arm64 /Users/apple/backup/sptifylyrics/SpotifyLyrics/Views/Components/TrackBackdropView.swift (in target 'SpotifyLyrics' from project 'SpotifyLyrics')
    cd /Users/apple/backup/sptifylyrics
    

SwiftCompile normal arm64 /Users/apple/backup/sptifylyrics/SpotifyLyrics/Design/BackdropPalette.swift (in target 'SpotifyLyrics' from project 'SpotifyLyrics')
    cd /Users/apple/backup/sptifylyrics
    

SwiftCompile normal arm64 /Users/apple/backup/sptifylyrics/SpotifyLyrics/Design/MainWindowLayoutStyle.swift (in target 'SpotifyLyrics' from project 'SpotifyLyrics')
    cd /Users/apple/backup/sptifylyrics
    

SwiftCompile normal arm64 /Users/apple/backup/sptifylyrics/SpotifyLyrics/Views/MainWindow/ImmersiveSplitWindowView.swift (in target 'SpotifyLyrics' from project 'SpotifyLyrics')
    cd /Users/apple/backup/sptifylyrics
    

SwiftCompile normal arm64 /Users/apple/backup/sptifylyrics/SpotifyLyrics/Views/Components/ArtworkView.swift (in target 'SpotifyLyrics' from project 'SpotifyLyrics')
    cd /Users/apple/backup/sptifylyrics
    

SwiftCompile normal arm64 /Users/apple/backup/sptifylyrics/SpotifyLyrics/Views/Components/TrackMetadataView.swift (in target 'SpotifyLyrics' from project 'SpotifyLyrics')
    cd /Users/apple/backup/sptifylyrics
    

SwiftCompile normal arm64 /Users/apple/backup/sptifylyrics/SpotifyLyrics/Views/Components/PlaybackControlsView.swift (in target 'SpotifyLyrics' from project 'SpotifyLyrics')
    cd /Users/apple/backup/sptifylyrics
    

SwiftCompile normal arm64 /Users/apple/backup/sptifylyrics/SpotifyLyrics/Views/Components/LyricsViewport.swift (in target 'SpotifyLyrics' from project 'SpotifyLyrics')
    cd /Users/apple/backup/sptifylyrics
    

SwiftCompile normal arm64 /Users/apple/backup/sptifylyrics/SpotifyLyrics/Views/Components/ArtworkBackgroundView.swift (in target 'SpotifyLyrics' from project 'SpotifyLyrics')
    cd /Users/apple/backup/sptifylyrics
    

SwiftCompile normal arm64 /Users/apple/backup/sptifylyrics/SpotifyLyrics/Search/SongSearchModels.swift (in target 'SpotifyLyrics' from project 'SpotifyLyrics')
    cd /Users/apple/backup/sptifylyrics
    

SwiftCompile normal arm64 /Users/apple/backup/sptifylyrics/SpotifyLyrics/Search/SongSearchProvider.swift (in target 'SpotifyLyrics' from project 'SpotifyLyrics')
    cd /Users/apple/backup/sptifylyrics
    

SwiftCompile normal arm64 /Users/apple/backup/sptifylyrics/SpotifyLyrics/Search/LocalSearchProvider.swift (in target 'SpotifyLyrics' from project 'SpotifyLyrics')
    cd /Users/apple/backup/sptifylyrics
    

SwiftCompile normal arm64 /Users/apple/backup/sptifylyrics/SpotifyLyrics/Search/SpotifyCurrentTrackProvider.swift (in target 'SpotifyLyrics' from project 'SpotifyLyrics')
    cd /Users/apple/backup/sptifylyrics
    

SwiftCompile normal arm64 /Users/apple/backup/sptifylyrics/SpotifyLyrics/Search/LRCLIBProvider.swift (in target 'SpotifyLyrics' from project 'SpotifyLyrics')
    cd /Users/apple/backup/sptifylyrics
    

SwiftCompile normal arm64 Compiling\ PresentationCatalog.swift,\ PresentationPreviewRendererRegistry.swift,\ PresentationSelectionStore.swift,\ ExperienceLibrarySettingsView.swift,\ SettingsCenterPresentation.swift,\ CurrentSongOperationState.swift,\ CurrentSongOperationsView.swift,\ ReadingVersionEditorView.swift,\ PlaybackProvider.swift,\ SpotifyDesktopProvider.swift,\ MockPlaybackProvider.swift,\ ArtworkImageLoader.swift,\ TrackIdentity.swift,\ LyricsModels.swift,\ LRCParser.swift,\ LyricsMatcher.swift,\ LocalLyricsProvider.swift /Users/apple/backup/sptifylyrics/SpotifyLyrics/Design/PresentationCatalog.swift /Users/apple/backup/sptifylyrics/SpotifyLyrics/Design/PresentationPreviewRendererRegistry.swift /Users/apple/backup/sptifylyrics/SpotifyLyrics/Design/PresentationSelectionStore.swift /Users/apple/backup/sptifylyrics/SpotifyLyrics/Views/Settings/ExperienceLibrarySettingsView.swift /Users/apple/backup/sptifylyrics/SpotifyLyrics/Design/SettingsCenterPresentation.swift /Users/apple/backup/sptifylyrics/SpotifyLyrics/Design/CurrentSongOperationState.swift /Users/apple/backup/sptifylyrics/SpotifyLyrics/Views/Components/CurrentSongOperationsView.swift /Users/apple/backup/sptifylyrics/SpotifyLyrics/Views/Components/ReadingVersionEditorView.swift /Users/apple/backup/sptifylyrics/SpotifyLyrics/Providers/PlaybackProvider.swift /Users/apple/backup/sptifylyrics/SpotifyLyrics/Providers/SpotifyDesktopProvider.swift /Users/apple/backup/sptifylyrics/SpotifyLyrics/Providers/MockPlaybackProvider.swift /Users/apple/backup/sptifylyrics/SpotifyLyrics/Providers/ArtworkImageLoader.swift /Users/apple/backup/sptifylyrics/SpotifyLyrics/Lyrics/TrackIdentity.swift /Users/apple/backup/sptifylyrics/SpotifyLyrics/Lyrics/LyricsModels.swift /Users/apple/backup/sptifylyrics/SpotifyLyrics/Lyrics/LRCParser.swift /Users/apple/backup/sptifylyrics/SpotifyLyrics/Lyrics/LyricsMatcher.swift /Users/apple/backup/sptifylyrics/SpotifyLyrics/Lyrics/LocalLyricsProvider.swift (in target 'SpotifyLyrics' from project 'SpotifyLyrics')

SwiftCompile normal arm64 /Users/apple/backup/sptifylyrics/SpotifyLyrics/Design/PresentationCatalog.swift (in target 'SpotifyLyrics' from project 'SpotifyLyrics')
    cd /Users/apple/backup/sptifylyrics
    

SwiftCompile normal arm64 /Users/apple/backup/sptifylyrics/SpotifyLyrics/Design/PresentationPreviewRendererRegistry.swift (in target 'SpotifyLyrics' from project 'SpotifyLyrics')
    cd /Users/apple/backup/sptifylyrics
    

SwiftCompile normal arm64 /Users/apple/backup/sptifylyrics/SpotifyLyrics/Design/PresentationSelectionStore.swift (in target 'SpotifyLyrics' from project 'SpotifyLyrics')
    cd /Users/apple/backup/sptifylyrics
    

SwiftCompile normal arm64 /Users/apple/backup/sptifylyrics/SpotifyLyrics/Views/Settings/ExperienceLibrarySettingsView.swift (in target 'SpotifyLyrics' from project 'SpotifyLyrics')
    cd /Users/apple/backup/sptifylyrics
    

SwiftCompile normal arm64 /Users/apple/backup/sptifylyrics/SpotifyLyrics/Design/SettingsCenterPresentation.swift (in target 'SpotifyLyrics' from project 'SpotifyLyrics')
    cd /Users/apple/backup/sptifylyrics
    

SwiftCompile normal arm64 /Users/apple/backup/sptifylyrics/SpotifyLyrics/Design/CurrentSongOperationState.swift (in target 'SpotifyLyrics' from project 'SpotifyLyrics')
    cd /Users/apple/backup/sptifylyrics
    

SwiftCompile normal arm64 /Users/apple/backup/sptifylyrics/SpotifyLyrics/Views/Components/CurrentSongOperationsView.swift (in target 'SpotifyLyrics' from project 'SpotifyLyrics')
    cd /Users/apple/backup/sptifylyrics
    

SwiftCompile normal arm64 /Users/apple/backup/sptifylyrics/SpotifyLyrics/Views/Components/ReadingVersionEditorView.swift (in target 'SpotifyLyrics' from project 'SpotifyLyrics')
    cd /Users/apple/backup/sptifylyrics
    

SwiftCompile normal arm64 /Users/apple/backup/sptifylyrics/SpotifyLyrics/Providers/PlaybackProvider.swift (in target 'SpotifyLyrics' from project 'SpotifyLyrics')
    cd /Users/apple/backup/sptifylyrics
    

SwiftCompile normal arm64 /Users/apple/backup/sptifylyrics/SpotifyLyrics/Providers/SpotifyDesktopProvider.swift (in target 'SpotifyLyrics' from project 'SpotifyLyrics')
    cd /Users/apple/backup/sptifylyrics
    

SwiftCompile normal arm64 /Users/apple/backup/sptifylyrics/SpotifyLyrics/Providers/MockPlaybackProvider.swift (in target 'SpotifyLyrics' from project 'SpotifyLyrics')
    cd /Users/apple/backup/sptifylyrics
    

SwiftCompile normal arm64 /Users/apple/backup/sptifylyrics/SpotifyLyrics/Providers/ArtworkImageLoader.swift (in target 'SpotifyLyrics' from project 'SpotifyLyrics')
    cd /Users/apple/backup/sptifylyrics
    

SwiftCompile normal arm64 /Users/apple/backup/sptifylyrics/SpotifyLyrics/Lyrics/TrackIdentity.swift (in target 'SpotifyLyrics' from project 'SpotifyLyrics')
    cd /Users/apple/backup/sptifylyrics
    

SwiftCompile normal arm64 /Users/apple/backup/sptifylyrics/SpotifyLyrics/Lyrics/LyricsModels.swift (in target 'SpotifyLyrics' from project 'SpotifyLyrics')
    cd /Users/apple/backup/sptifylyrics
    

SwiftCompile normal arm64 /Users/apple/backup/sptifylyrics/SpotifyLyrics/Lyrics/LRCParser.swift (in target 'SpotifyLyrics' from project 'SpotifyLyrics')
    cd /Users/apple/backup/sptifylyrics
    

SwiftCompile normal arm64 /Users/apple/backup/sptifylyrics/SpotifyLyrics/Lyrics/LyricsMatcher.swift (in target 'SpotifyLyrics' from project 'SpotifyLyrics')
    cd /Users/apple/backup/sptifylyrics
    

SwiftCompile normal arm64 /Users/apple/backup/sptifylyrics/SpotifyLyrics/Lyrics/LocalLyricsProvider.swift (in target 'SpotifyLyrics' from project 'SpotifyLyrics')
    cd /Users/apple/backup/sptifylyrics
    

SwiftCompile normal arm64 Compiling\ LiveCaptureCoordinator.swift,\ SegmentWAVWriter.swift,\ PartialAlignmentModels.swift,\ AlignmentLocaleRecommender.swift,\ SegmentPartialAlignmentPipeline.swift,\ AlignmentAnchor.swift,\ AnchorAlignmentPolicy.swift,\ AnchorConstrainedAligner.swift,\ AssistedAlignmentDraft.swift,\ AssistedCandidateMerger.swift,\ SpeechEngine.swift,\ AppleSpeechEngine.swift,\ WhisperCLISpeechEngine.swift,\ TranscriptNormalizer.swift,\ TranscriptSegmentSplitter.swift,\ RepeatedLyricsSectionResolver.swift,\ LocalAlignmentWindow.swift /Users/apple/backup/sptifylyrics/SpotifyLyrics/Capture/LiveCaptureCoordinator.swift /Users/apple/backup/sptifylyrics/SpotifyLyrics/Capture/SegmentWAVWriter.swift /Users/apple/backup/sptifylyrics/SpotifyLyrics/Capture/PartialAlignmentModels.swift /Users/apple/backup/sptifylyrics/SpotifyLyrics/Capture/AlignmentLocaleRecommender.swift /Users/apple/backup/sptifylyrics/SpotifyLyrics/Capture/SegmentPartialAlignmentPipeline.swift /Users/apple/backup/sptifylyrics/SpotifyLyrics/Capture/AlignmentAnchor.swift /Users/apple/backup/sptifylyrics/SpotifyLyrics/Capture/AnchorAlignmentPolicy.swift /Users/apple/backup/sptifylyrics/SpotifyLyrics/Capture/AnchorConstrainedAligner.swift /Users/apple/backup/sptifylyrics/SpotifyLyrics/Capture/AssistedAlignmentDraft.swift /Users/apple/backup/sptifylyrics/SpotifyLyrics/Capture/AssistedCandidateMerger.swift /Users/apple/backup/sptifylyrics/SpotifyLyrics/Capture/SpeechEngine.swift /Users/apple/backup/sptifylyrics/SpotifyLyrics/Capture/AppleSpeechEngine.swift /Users/apple/backup/sptifylyrics/SpotifyLyrics/Capture/WhisperCLISpeechEngine.swift /Users/apple/backup/sptifylyrics/SpotifyLyrics/Capture/TranscriptNormalizer.swift /Users/apple/backup/sptifylyrics/SpotifyLyrics/Capture/TranscriptSegmentSplitter.swift /Users/apple/backup/sptifylyrics/SpotifyLyrics/Capture/RepeatedLyricsSectionResolver.swift /Users/apple/backup/sptifylyrics/SpotifyLyrics/Capture/LocalAlignmentWindow.swift (in target 'SpotifyLyrics' from project 'SpotifyLyrics')

SwiftCompile normal arm64 /Users/apple/backup/sptifylyrics/SpotifyLyrics/Capture/LiveCaptureCoordinator.swift (in target 'SpotifyLyrics' from project 'SpotifyLyrics')
    cd /Users/apple/backup/sptifylyrics
    
/Users/apple/backup/sptifylyrics/SpotifyLyrics/Capture/LiveCaptureCoordinator.swift:476:13: warning: variable 'session' was never mutated; consider changing to 'let' constant
        var session = CapturedAudioSession(
        ~~~ ^
        let
/Users/apple/backup/sptifylyrics/SpotifyLyrics/Capture/LiveCaptureCoordinator.swift:527:19: warning: variable 'segment' was never mutated; consider changing to 'let' constant
        guard var segment = openSegment else { return }
              ~~~ ^
              let
/Users/apple/backup/sptifylyrics/SpotifyLyrics/Capture/LiveCaptureCoordinator.swift:764:19: warning: variable 'segment' was never mutated; consider changing to 'let' constant
        guard var segment = openSegment else { return }
              ~~~ ^
              let

SwiftCompile normal arm64 /Users/apple/backup/sptifylyrics/SpotifyLyrics/Capture/SegmentWAVWriter.swift (in target 'SpotifyLyrics' from project 'SpotifyLyrics')
    cd /Users/apple/backup/sptifylyrics
    

SwiftCompile normal arm64 /Users/apple/backup/sptifylyrics/SpotifyLyrics/Capture/PartialAlignmentModels.swift (in target 'SpotifyLyrics' from project 'SpotifyLyrics')
    cd /Users/apple/backup/sptifylyrics
    

SwiftCompile normal arm64 /Users/apple/backup/sptifylyrics/SpotifyLyrics/Capture/AlignmentLocaleRecommender.swift (in target 'SpotifyLyrics' from project 'SpotifyLyrics')
    cd /Users/apple/backup/sptifylyrics
    

SwiftCompile normal arm64 /Users/apple/backup/sptifylyrics/SpotifyLyrics/Capture/SegmentPartialAlignmentPipeline.swift (in target 'SpotifyLyrics' from project 'SpotifyLyrics')
    cd /Users/apple/backup/sptifylyrics
    
/Users/apple/backup/sptifylyrics/SpotifyLyrics/Capture/SegmentPartialAlignmentPipeline.swift:543:13: warning: variable 'byIndex' was never mutated; consider changing to 'let' constant
        var byIndex = Dictionary(uniqueKeysWithValues: lines.map { ($0.sourceLineIndex, $0) })
        ~~~ ^
        let

SwiftCompile normal arm64 /Users/apple/backup/sptifylyrics/SpotifyLyrics/Capture/AlignmentAnchor.swift (in target 'SpotifyLyrics' from project 'SpotifyLyrics')
    cd /Users/apple/backup/sptifylyrics
    

SwiftCompile normal arm64 /Users/apple/backup/sptifylyrics/SpotifyLyrics/Capture/AnchorAlignmentPolicy.swift (in target 'SpotifyLyrics' from project 'SpotifyLyrics')
    cd /Users/apple/backup/sptifylyrics
    

SwiftCompile normal arm64 /Users/apple/backup/sptifylyrics/SpotifyLyrics/Capture/AnchorConstrainedAligner.swift (in target 'SpotifyLyrics' from project 'SpotifyLyrics')
    cd /Users/apple/backup/sptifylyrics
    

SwiftCompile normal arm64 /Users/apple/backup/sptifylyrics/SpotifyLyrics/Capture/AssistedAlignmentDraft.swift (in target 'SpotifyLyrics' from project 'SpotifyLyrics')
    cd /Users/apple/backup/sptifylyrics
    

SwiftCompile normal arm64 /Users/apple/backup/sptifylyrics/SpotifyLyrics/Capture/AssistedCandidateMerger.swift (in target 'SpotifyLyrics' from project 'SpotifyLyrics')
    cd /Users/apple/backup/sptifylyrics
    

SwiftCompile normal arm64 /Users/apple/backup/sptifylyrics/SpotifyLyrics/Capture/SpeechEngine.swift (in target 'SpotifyLyrics' from project 'SpotifyLyrics')
    cd /Users/apple/backup/sptifylyrics
    

SwiftCompile normal arm64 /Users/apple/backup/sptifylyrics/SpotifyLyrics/Capture/AppleSpeechEngine.swift (in target 'SpotifyLyrics' from project 'SpotifyLyrics')
    cd /Users/apple/backup/sptifylyrics
    

SwiftCompile normal arm64 /Users/apple/backup/sptifylyrics/SpotifyLyrics/Capture/WhisperCLISpeechEngine.swift (in target 'SpotifyLyrics' from project 'SpotifyLyrics')
    cd /Users/apple/backup/sptifylyrics
    
/Users/apple/backup/sptifylyrics/SpotifyLyrics/Capture/WhisperCLISpeechEngine.swift:16:17: warning: stored property 'fileManager' of 'Sendable'-conforming struct 'WhisperCLISpeechEngine' has non-Sendable type 'FileManager'; this is an error in the Swift 6 language mode
    private let fileManager: FileManager
                ^
/Applications/Xcode.app/Contents/Developer/Platforms/MacOSX.platform/Developer/SDKs/MacOSX26.5.sdk/System/Library/Frameworks/Foundation.framework/Headers/NSFileManager.h:96:12: note: class 'FileManager' does not conform to the 'Sendable' protocol
@interface NSFileManager : NSObject
           ^
/Users/apple/backup/sptifylyrics/SpotifyLyrics/Capture/WhisperCLISpeechEngine.swift:135:43: warning: 'duration' was deprecated in macOS 13.0: Use load(.duration) instead
            (try? AVURLAsset(url: pcmURL).duration.seconds) ?? 0
                                          ^
/Users/apple/backup/sptifylyrics/SpotifyLyrics/Capture/WhisperCLISpeechEngine.swift:135:14: warning: no calls to throwing functions occur within 'try' expression
            (try? AVURLAsset(url: pcmURL).duration.seconds) ?? 0
             ^

SwiftCompile normal arm64 /Users/apple/backup/sptifylyrics/SpotifyLyrics/Capture/TranscriptNormalizer.swift (in target 'SpotifyLyrics' from project 'SpotifyLyrics')
    cd /Users/apple/backup/sptifylyrics
    

SwiftCompile normal arm64 /Users/apple/backup/sptifylyrics/SpotifyLyrics/Capture/TranscriptSegmentSplitter.swift (in target 'SpotifyLyrics' from project 'SpotifyLyrics')
    cd /Users/apple/backup/sptifylyrics
    

SwiftCompile normal arm64 /Users/apple/backup/sptifylyrics/SpotifyLyrics/Capture/RepeatedLyricsSectionResolver.swift (in target 'SpotifyLyrics' from project 'SpotifyLyrics')
    cd /Users/apple/backup/sptifylyrics
    

SwiftCompile normal arm64 /Users/apple/backup/sptifylyrics/SpotifyLyrics/Capture/LocalAlignmentWindow.swift (in target 'SpotifyLyrics' from project 'SpotifyLyrics')
    cd /Users/apple/backup/sptifylyrics
    

SwiftCompile normal arm64 Compiling\ SongSearchManager.swift,\ SongSearchPopover.swift,\ LocalLyricsIndex.swift,\ TrackSearchModels.swift,\ TrackSearchProvider.swift,\ TrackSearchManager.swift,\ CurrentTrackResolver.swift,\ LyricsSearchManager.swift,\ LyricsE2ELog.swift,\ LocalAlignedLyricsStore.swift,\ SpeechForcedAlignmentService.swift,\ LineForcedAligner.swift,\ TimedTranscript.swift,\ AudioInputMetadata.swift,\ SpotifyScreenCaptureAudioSpike.swift,\ CaptureContinuityPolicy.swift,\ CapturedAudioModels.swift /Users/apple/backup/sptifylyrics/SpotifyLyrics/Search/SongSearchManager.swift /Users/apple/backup/sptifylyrics/SpotifyLyrics/Views/Components/SongSearchPopover.swift /Users/apple/backup/sptifylyrics/SpotifyLyrics/Search/LocalLyricsIndex.swift /Users/apple/backup/sptifylyrics/SpotifyLyrics/Search/TrackSearchModels.swift /Users/apple/backup/sptifylyrics/SpotifyLyrics/Search/TrackSearchProvider.swift /Users/apple/backup/sptifylyrics/SpotifyLyrics/Search/TrackSearchManager.swift /Users/apple/backup/sptifylyrics/SpotifyLyrics/Search/CurrentTrackResolver.swift /Users/apple/backup/sptifylyrics/SpotifyLyrics/Lyrics/LyricsSearchManager.swift /Users/apple/backup/sptifylyrics/SpotifyLyrics/Lyrics/LyricsE2ELog.swift /Users/apple/backup/sptifylyrics/SpotifyLyrics/Lyrics/LocalAlignedLyricsStore.swift /Users/apple/backup/sptifylyrics/SpotifyLyrics/Lyrics/SpeechForcedAlignmentService.swift /Users/apple/backup/sptifylyrics/SpotifyLyrics/Lyrics/LineForcedAligner.swift /Users/apple/backup/sptifylyrics/SpotifyLyrics/Lyrics/TimedTranscript.swift /Users/apple/backup/sptifylyrics/SpotifyLyrics/Lyrics/AudioInputMetadata.swift /Users/apple/backup/sptifylyrics/SpotifyLyrics/Capture/SpotifyScreenCaptureAudioSpike.swift /Users/apple/backup/sptifylyrics/SpotifyLyrics/Capture/CaptureContinuityPolicy.swift /Users/apple/backup/sptifylyrics/SpotifyLyrics/Capture/CapturedAudioModels.swift (in target 'SpotifyLyrics' from project 'SpotifyLyrics')

SwiftCompile normal arm64 /Users/apple/backup/sptifylyrics/SpotifyLyrics/Search/SongSearchManager.swift (in target 'SpotifyLyrics' from project 'SpotifyLyrics')
    cd /Users/apple/backup/sptifylyrics
    
/Users/apple/backup/sptifylyrics/SpotifyLyrics/Lyrics/SpeechForcedAlignmentService.swift:74:52: warning: 'duration' was deprecated in macOS 13.0: Use load(.duration) instead
        let audioDuration = CMTimeGetSeconds(asset.duration)
                                                   ^

SwiftCompile normal arm64 /Users/apple/backup/sptifylyrics/SpotifyLyrics/Views/Components/SongSearchPopover.swift (in target 'SpotifyLyrics' from project 'SpotifyLyrics')
    cd /Users/apple/backup/sptifylyrics
    
/Users/apple/backup/sptifylyrics/SpotifyLyrics/Lyrics/SpeechForcedAlignmentService.swift:74:52: warning: 'duration' was deprecated in macOS 13.0: Use load(.duration) instead
        let audioDuration = CMTimeGetSeconds(asset.duration)
                                                   ^

SwiftCompile normal arm64 /Users/apple/backup/sptifylyrics/SpotifyLyrics/Search/LocalLyricsIndex.swift (in target 'SpotifyLyrics' from project 'SpotifyLyrics')
    cd /Users/apple/backup/sptifylyrics
    
/Users/apple/backup/sptifylyrics/SpotifyLyrics/Lyrics/SpeechForcedAlignmentService.swift:74:52: warning: 'duration' was deprecated in macOS 13.0: Use load(.duration) instead
        let audioDuration = CMTimeGetSeconds(asset.duration)
                                                   ^

SwiftCompile normal arm64 /Users/apple/backup/sptifylyrics/SpotifyLyrics/Search/TrackSearchModels.swift (in target 'SpotifyLyrics' from project 'SpotifyLyrics')
    cd /Users/apple/backup/sptifylyrics
    
/Users/apple/backup/sptifylyrics/SpotifyLyrics/Lyrics/SpeechForcedAlignmentService.swift:74:52: warning: 'duration' was deprecated in macOS 13.0: Use load(.duration) instead
        let audioDuration = CMTimeGetSeconds(asset.duration)
                                                   ^

SwiftCompile normal arm64 /Users/apple/backup/sptifylyrics/SpotifyLyrics/Search/TrackSearchProvider.swift (in target 'SpotifyLyrics' from project 'SpotifyLyrics')
    cd /Users/apple/backup/sptifylyrics
    
/Users/apple/backup/sptifylyrics/SpotifyLyrics/Lyrics/SpeechForcedAlignmentService.swift:74:52: warning: 'duration' was deprecated in macOS 13.0: Use load(.duration) instead
        let audioDuration = CMTimeGetSeconds(asset.duration)
                                                   ^

SwiftCompile normal arm64 /Users/apple/backup/sptifylyrics/SpotifyLyrics/Search/TrackSearchManager.swift (in target 'SpotifyLyrics' from project 'SpotifyLyrics')
    cd /Users/apple/backup/sptifylyrics
    
/Users/apple/backup/sptifylyrics/SpotifyLyrics/Lyrics/SpeechForcedAlignmentService.swift:74:52: warning: 'duration' was deprecated in macOS 13.0: Use load(.duration) instead
        let audioDuration = CMTimeGetSeconds(asset.duration)
                                                   ^

SwiftCompile normal arm64 /Users/apple/backup/sptifylyrics/SpotifyLyrics/Search/CurrentTrackResolver.swift (in target 'SpotifyLyrics' from project 'SpotifyLyrics')
    cd /Users/apple/backup/sptifylyrics
    
/Users/apple/backup/sptifylyrics/SpotifyLyrics/Lyrics/SpeechForcedAlignmentService.swift:74:52: warning: 'duration' was deprecated in macOS 13.0: Use load(.duration) instead
        let audioDuration = CMTimeGetSeconds(asset.duration)
                                                   ^

SwiftCompile normal arm64 /Users/apple/backup/sptifylyrics/SpotifyLyrics/Lyrics/LyricsSearchManager.swift (in target 'SpotifyLyrics' from project 'SpotifyLyrics')
    cd /Users/apple/backup/sptifylyrics
    
/Users/apple/backup/sptifylyrics/SpotifyLyrics/Lyrics/SpeechForcedAlignmentService.swift:74:52: warning: 'duration' was deprecated in macOS 13.0: Use load(.duration) instead
        let audioDuration = CMTimeGetSeconds(asset.duration)
                                                   ^

SwiftCompile normal arm64 /Users/apple/backup/sptifylyrics/SpotifyLyrics/Lyrics/LyricsE2ELog.swift (in target 'SpotifyLyrics' from project 'SpotifyLyrics')
    cd /Users/apple/backup/sptifylyrics
    
/Users/apple/backup/sptifylyrics/SpotifyLyrics/Lyrics/SpeechForcedAlignmentService.swift:74:52: warning: 'duration' was deprecated in macOS 13.0: Use load(.duration) instead
        let audioDuration = CMTimeGetSeconds(asset.duration)
                                                   ^

SwiftCompile normal arm64 /Users/apple/backup/sptifylyrics/SpotifyLyrics/Lyrics/LocalAlignedLyricsStore.swift (in target 'SpotifyLyrics' from project 'SpotifyLyrics')
    cd /Users/apple/backup/sptifylyrics
    
/Users/apple/backup/sptifylyrics/SpotifyLyrics/Lyrics/SpeechForcedAlignmentService.swift:74:52: warning: 'duration' was deprecated in macOS 13.0: Use load(.duration) instead
        let audioDuration = CMTimeGetSeconds(asset.duration)
                                                   ^

SwiftCompile normal arm64 /Users/apple/backup/sptifylyrics/SpotifyLyrics/Lyrics/SpeechForcedAlignmentService.swift (in target 'SpotifyLyrics' from project 'SpotifyLyrics')
    cd /Users/apple/backup/sptifylyrics
    
/Users/apple/backup/sptifylyrics/SpotifyLyrics/Lyrics/SpeechForcedAlignmentService.swift:74:52: warning: 'duration' was deprecated in macOS 13.0: Use load(.duration) instead
        let audioDuration = CMTimeGetSeconds(asset.duration)
                                                   ^

SwiftCompile normal arm64 /Users/apple/backup/sptifylyrics/SpotifyLyrics/Lyrics/LineForcedAligner.swift (in target 'SpotifyLyrics' from project 'SpotifyLyrics')
    cd /Users/apple/backup/sptifylyrics
    
/Users/apple/backup/sptifylyrics/SpotifyLyrics/Lyrics/SpeechForcedAlignmentService.swift:74:52: warning: 'duration' was deprecated in macOS 13.0: Use load(.duration) instead
        let audioDuration = CMTimeGetSeconds(asset.duration)
                                                   ^

SwiftCompile normal arm64 /Users/apple/backup/sptifylyrics/SpotifyLyrics/Lyrics/TimedTranscript.swift (in target 'SpotifyLyrics' from project 'SpotifyLyrics')
    cd /Users/apple/backup/sptifylyrics
    
/Users/apple/backup/sptifylyrics/SpotifyLyrics/Lyrics/SpeechForcedAlignmentService.swift:74:52: warning: 'duration' was deprecated in macOS 13.0: Use load(.duration) instead
        let audioDuration = CMTimeGetSeconds(asset.duration)
                                                   ^

SwiftCompile normal arm64 /Users/apple/backup/sptifylyrics/SpotifyLyrics/Lyrics/AudioInputMetadata.swift (in target 'SpotifyLyrics' from project 'SpotifyLyrics')
    cd /Users/apple/backup/sptifylyrics
    
/Users/apple/backup/sptifylyrics/SpotifyLyrics/Lyrics/SpeechForcedAlignmentService.swift:74:52: warning: 'duration' was deprecated in macOS 13.0: Use load(.duration) instead
        let audioDuration = CMTimeGetSeconds(asset.duration)
                                                   ^

SwiftCompile normal arm64 /Users/apple/backup/sptifylyrics/SpotifyLyrics/Capture/SpotifyScreenCaptureAudioSpike.swift (in target 'SpotifyLyrics' from project 'SpotifyLyrics')
    cd /Users/apple/backup/sptifylyrics
    
/Users/apple/backup/sptifylyrics/SpotifyLyrics/Lyrics/SpeechForcedAlignmentService.swift:74:52: warning: 'duration' was deprecated in macOS 13.0: Use load(.duration) instead
        let audioDuration = CMTimeGetSeconds(asset.duration)
                                                   ^
/Users/apple/backup/sptifylyrics/SpotifyLyrics/Capture/SpotifyScreenCaptureAudioSpike.swift:338:13: warning: variable 'blockBuffer' was never used; consider replacing with '_' or removing it
        var blockBuffer: CMBlockBuffer?
            ^~~~~~~~~~~
            _

SwiftCompile normal arm64 /Users/apple/backup/sptifylyrics/SpotifyLyrics/Capture/CaptureContinuityPolicy.swift (in target 'SpotifyLyrics' from project 'SpotifyLyrics')
    cd /Users/apple/backup/sptifylyrics
    
/Users/apple/backup/sptifylyrics/SpotifyLyrics/Lyrics/SpeechForcedAlignmentService.swift:74:52: warning: 'duration' was deprecated in macOS 13.0: Use load(.duration) instead
        let audioDuration = CMTimeGetSeconds(asset.duration)
                                                   ^

SwiftCompile normal arm64 /Users/apple/backup/sptifylyrics/SpotifyLyrics/Capture/CapturedAudioModels.swift (in target 'SpotifyLyrics' from project 'SpotifyLyrics')
    cd /Users/apple/backup/sptifylyrics
    
/Users/apple/backup/sptifylyrics/SpotifyLyrics/Lyrics/SpeechForcedAlignmentService.swift:74:52: warning: 'duration' was deprecated in macOS 13.0: Use load(.duration) instead
        let audioDuration = CMTimeGetSeconds(asset.duration)
                                                   ^

SwiftCompile normal arm64 Compiling\ AutomaticAlignmentJobController.swift,\ AutomaticAlignmentQualityGate.swift,\ AutomaticAlignmentProgressStore.swift,\ AudioPCMConverter.swift,\ AlignmentService.swift,\ AlignmentModels.swift,\ AppleMusicImmersiveV3WindowView.swift,\ AppleMusicImmersiveV3BackdropView.swift,\ NetEaseExperimentalLyricsProvider.swift,\ LocalAudioASRService.swift,\ QQExperimentalLyricsProvider.swift,\ TrackAlias.swift,\ TrackMetadata.swift,\ TrackTextNormalizer.swift,\ JapaneseRomanizer.swift,\ JapaneseReadingPipeline.swift,\ ReadingModels.swift /Users/apple/backup/sptifylyrics/SpotifyLyrics/Capture/AutomaticAlignmentJobController.swift /Users/apple/backup/sptifylyrics/SpotifyLyrics/Capture/AutomaticAlignmentQualityGate.swift /Users/apple/backup/sptifylyrics/SpotifyLyrics/Capture/AutomaticAlignmentProgressStore.swift /Users/apple/backup/sptifylyrics/SpotifyLyrics/Lyrics/AudioPCMConverter.swift /Users/apple/backup/sptifylyrics/SpotifyLyrics/Lyrics/AlignmentService.swift /Users/apple/backup/sptifylyrics/SpotifyLyrics/Lyrics/AlignmentModels.swift /Users/apple/backup/sptifylyrics/SpotifyLyrics/Views/MainWindow/AppleMusicImmersiveV3WindowView.swift /Users/apple/backup/sptifylyrics/SpotifyLyrics/Views/Components/AppleMusicImmersiveV3BackdropView.swift /Users/apple/backup/sptifylyrics/SpotifyLyrics/Providers/NetEaseExperimentalLyricsProvider.swift /Users/apple/backup/sptifylyrics/SpotifyLyrics/Lyrics/LocalAudioASRService.swift /Users/apple/backup/sptifylyrics/SpotifyLyrics/Providers/QQExperimentalLyricsProvider.swift /Users/apple/backup/sptifylyrics/SpotifyLyrics/Lyrics/TrackAlias.swift /Users/apple/backup/sptifylyrics/SpotifyLyrics/Lyrics/TrackMetadata.swift /Users/apple/backup/sptifylyrics/SpotifyLyrics/Lyrics/TrackTextNormalizer.swift /Users/apple/backup/sptifylyrics/SpotifyLyrics/Lyrics/JapaneseRomanizer.swift /Users/apple/backup/sptifylyrics/SpotifyLyrics/Lyrics/JapaneseReadingPipeline.swift /Users/apple/backup/sptifylyrics/SpotifyLyrics/Lyrics/ReadingModels.swift (in target 'SpotifyLyrics' from project 'SpotifyLyrics')

SwiftCompile normal arm64 /Users/apple/backup/sptifylyrics/SpotifyLyrics/Capture/AutomaticAlignmentJobController.swift (in target 'SpotifyLyrics' from project 'SpotifyLyrics')
    cd /Users/apple/backup/sptifylyrics
    
/Users/apple/backup/sptifylyrics/SpotifyLyrics/Lyrics/AudioPCMConverter.swift:205:47: warning: 'duration' was deprecated in macOS 13.0: Use load(.duration) instead
        let duration = CMTimeGetSeconds(asset.duration)
                                              ^
/Users/apple/backup/sptifylyrics/SpotifyLyrics/Lyrics/AudioPCMConverter.swift:217:25: warning: 'commonMetadata' was deprecated in macOS 13.0: Use load(.commonMetadata) instead
            from: asset.commonMetadata,
                        ^
/Users/apple/backup/sptifylyrics/SpotifyLyrics/Lyrics/AudioPCMConverter.swift:219:18: warning: 'stringValue' was deprecated in macOS 13.0: Use load(.stringValue) instead
        ).first?.stringValue
                 ^
/Users/apple/backup/sptifylyrics/SpotifyLyrics/Lyrics/AudioPCMConverter.swift:221:25: warning: 'commonMetadata' was deprecated in macOS 13.0: Use load(.commonMetadata) instead
            from: asset.commonMetadata,
                        ^
/Users/apple/backup/sptifylyrics/SpotifyLyrics/Lyrics/AudioPCMConverter.swift:223:18: warning: 'stringValue' was deprecated in macOS 13.0: Use load(.stringValue) instead
        ).first?.stringValue
                 ^

SwiftCompile normal arm64 /Users/apple/backup/sptifylyrics/SpotifyLyrics/Capture/AutomaticAlignmentQualityGate.swift (in target 'SpotifyLyrics' from project 'SpotifyLyrics')
    cd /Users/apple/backup/sptifylyrics
    
/Users/apple/backup/sptifylyrics/SpotifyLyrics/Lyrics/AudioPCMConverter.swift:205:47: warning: 'duration' was deprecated in macOS 13.0: Use load(.duration) instead
        let duration = CMTimeGetSeconds(asset.duration)
                                              ^
/Users/apple/backup/sptifylyrics/SpotifyLyrics/Lyrics/AudioPCMConverter.swift:217:25: warning: 'commonMetadata' was deprecated in macOS 13.0: Use load(.commonMetadata) instead
            from: asset.commonMetadata,
                        ^
/Users/apple/backup/sptifylyrics/SpotifyLyrics/Lyrics/AudioPCMConverter.swift:219:18: warning: 'stringValue' was deprecated in macOS 13.0: Use load(.stringValue) instead
        ).first?.stringValue
                 ^
/Users/apple/backup/sptifylyrics/SpotifyLyrics/Lyrics/AudioPCMConverter.swift:221:25: warning: 'commonMetadata' was deprecated in macOS 13.0: Use load(.commonMetadata) instead
            from: asset.commonMetadata,
                        ^
/Users/apple/backup/sptifylyrics/SpotifyLyrics/Lyrics/AudioPCMConverter.swift:223:18: warning: 'stringValue' was deprecated in macOS 13.0: Use load(.stringValue) instead
        ).first?.stringValue
                 ^

SwiftCompile normal arm64 /Users/apple/backup/sptifylyrics/SpotifyLyrics/Capture/AutomaticAlignmentProgressStore.swift (in target 'SpotifyLyrics' from project 'SpotifyLyrics')
    cd /Users/apple/backup/sptifylyrics
    
/Users/apple/backup/sptifylyrics/SpotifyLyrics/Lyrics/AudioPCMConverter.swift:205:47: warning: 'duration' was deprecated in macOS 13.0: Use load(.duration) instead
        let duration = CMTimeGetSeconds(asset.duration)
                                              ^
/Users/apple/backup/sptifylyrics/SpotifyLyrics/Lyrics/AudioPCMConverter.swift:217:25: warning: 'commonMetadata' was deprecated in macOS 13.0: Use load(.commonMetadata) instead
            from: asset.commonMetadata,
                        ^
/Users/apple/backup/sptifylyrics/SpotifyLyrics/Lyrics/AudioPCMConverter.swift:219:18: warning: 'stringValue' was deprecated in macOS 13.0: Use load(.stringValue) instead
        ).first?.stringValue
                 ^
/Users/apple/backup/sptifylyrics/SpotifyLyrics/Lyrics/AudioPCMConverter.swift:221:25: warning: 'commonMetadata' was deprecated in macOS 13.0: Use load(.commonMetadata) instead
            from: asset.commonMetadata,
                        ^
/Users/apple/backup/sptifylyrics/SpotifyLyrics/Lyrics/AudioPCMConverter.swift:223:18: warning: 'stringValue' was deprecated in macOS 13.0: Use load(.stringValue) instead
        ).first?.stringValue
                 ^

SwiftCompile normal arm64 /Users/apple/backup/sptifylyrics/SpotifyLyrics/Lyrics/AudioPCMConverter.swift (in target 'SpotifyLyrics' from project 'SpotifyLyrics')
    cd /Users/apple/backup/sptifylyrics
    
/Users/apple/backup/sptifylyrics/SpotifyLyrics/Lyrics/AudioPCMConverter.swift:205:47: warning: 'duration' was deprecated in macOS 13.0: Use load(.duration) instead
        let duration = CMTimeGetSeconds(asset.duration)
                                              ^
/Users/apple/backup/sptifylyrics/SpotifyLyrics/Lyrics/AudioPCMConverter.swift:217:25: warning: 'commonMetadata' was deprecated in macOS 13.0: Use load(.commonMetadata) instead
            from: asset.commonMetadata,
                        ^
/Users/apple/backup/sptifylyrics/SpotifyLyrics/Lyrics/AudioPCMConverter.swift:219:18: warning: 'stringValue' was deprecated in macOS 13.0: Use load(.stringValue) instead
        ).first?.stringValue
                 ^
/Users/apple/backup/sptifylyrics/SpotifyLyrics/Lyrics/AudioPCMConverter.swift:221:25: warning: 'commonMetadata' was deprecated in macOS 13.0: Use load(.commonMetadata) instead
            from: asset.commonMetadata,
                        ^
/Users/apple/backup/sptifylyrics/SpotifyLyrics/Lyrics/AudioPCMConverter.swift:223:18: warning: 'stringValue' was deprecated in macOS 13.0: Use load(.stringValue) instead
        ).first?.stringValue
                 ^

SwiftCompile normal arm64 /Users/apple/backup/sptifylyrics/SpotifyLyrics/Lyrics/AlignmentService.swift (in target 'SpotifyLyrics' from project 'SpotifyLyrics')
    cd /Users/apple/backup/sptifylyrics
    
/Users/apple/backup/sptifylyrics/SpotifyLyrics/Lyrics/AudioPCMConverter.swift:205:47: warning: 'duration' was deprecated in macOS 13.0: Use load(.duration) instead
        let duration = CMTimeGetSeconds(asset.duration)
                                              ^
/Users/apple/backup/sptifylyrics/SpotifyLyrics/Lyrics/AudioPCMConverter.swift:217:25: warning: 'commonMetadata' was deprecated in macOS 13.0: Use load(.commonMetadata) instead
            from: asset.commonMetadata,
                        ^
/Users/apple/backup/sptifylyrics/SpotifyLyrics/Lyrics/AudioPCMConverter.swift:219:18: warning: 'stringValue' was deprecated in macOS 13.0: Use load(.stringValue) instead
        ).first?.stringValue
                 ^
/Users/apple/backup/sptifylyrics/SpotifyLyrics/Lyrics/AudioPCMConverter.swift:221:25: warning: 'commonMetadata' was deprecated in macOS 13.0: Use load(.commonMetadata) instead
            from: asset.commonMetadata,
                        ^
/Users/apple/backup/sptifylyrics/SpotifyLyrics/Lyrics/AudioPCMConverter.swift:223:18: warning: 'stringValue' was deprecated in macOS 13.0: Use load(.stringValue) instead
        ).first?.stringValue
                 ^

SwiftCompile normal arm64 /Users/apple/backup/sptifylyrics/SpotifyLyrics/Lyrics/AlignmentModels.swift (in target 'SpotifyLyrics' from project 'SpotifyLyrics')
    cd /Users/apple/backup/sptifylyrics
    
/Users/apple/backup/sptifylyrics/SpotifyLyrics/Lyrics/AudioPCMConverter.swift:205:47: warning: 'duration' was deprecated in macOS 13.0: Use load(.duration) instead
        let duration = CMTimeGetSeconds(asset.duration)
                                              ^
/Users/apple/backup/sptifylyrics/SpotifyLyrics/Lyrics/AudioPCMConverter.swift:217:25: warning: 'commonMetadata' was deprecated in macOS 13.0: Use load(.commonMetadata) instead
            from: asset.commonMetadata,
                        ^
/Users/apple/backup/sptifylyrics/SpotifyLyrics/Lyrics/AudioPCMConverter.swift:219:18: warning: 'stringValue' was deprecated in macOS 13.0: Use load(.stringValue) instead
        ).first?.stringValue
                 ^
/Users/apple/backup/sptifylyrics/SpotifyLyrics/Lyrics/AudioPCMConverter.swift:221:25: warning: 'commonMetadata' was deprecated in macOS 13.0: Use load(.commonMetadata) instead
            from: asset.commonMetadata,
                        ^
/Users/apple/backup/sptifylyrics/SpotifyLyrics/Lyrics/AudioPCMConverter.swift:223:18: warning: 'stringValue' was deprecated in macOS 13.0: Use load(.stringValue) instead
        ).first?.stringValue
                 ^

SwiftCompile normal arm64 /Users/apple/backup/sptifylyrics/SpotifyLyrics/Views/MainWindow/AppleMusicImmersiveV3WindowView.swift (in target 'SpotifyLyrics' from project 'SpotifyLyrics')
    cd /Users/apple/backup/sptifylyrics
    
/Users/apple/backup/sptifylyrics/SpotifyLyrics/Lyrics/AudioPCMConverter.swift:205:47: warning: 'duration' was deprecated in macOS 13.0: Use load(.duration) instead
        let duration = CMTimeGetSeconds(asset.duration)
                                              ^
/Users/apple/backup/sptifylyrics/SpotifyLyrics/Lyrics/AudioPCMConverter.swift:217:25: warning: 'commonMetadata' was deprecated in macOS 13.0: Use load(.commonMetadata) instead
            from: asset.commonMetadata,
                        ^
/Users/apple/backup/sptifylyrics/SpotifyLyrics/Lyrics/AudioPCMConverter.swift:219:18: warning: 'stringValue' was deprecated in macOS 13.0: Use load(.stringValue) instead
        ).first?.stringValue
                 ^
/Users/apple/backup/sptifylyrics/SpotifyLyrics/Lyrics/AudioPCMConverter.swift:221:25: warning: 'commonMetadata' was deprecated in macOS 13.0: Use load(.commonMetadata) instead
            from: asset.commonMetadata,
                        ^
/Users/apple/backup/sptifylyrics/SpotifyLyrics/Lyrics/AudioPCMConverter.swift:223:18: warning: 'stringValue' was deprecated in macOS 13.0: Use load(.stringValue) instead
        ).first?.stringValue
                 ^

SwiftCompile normal arm64 /Users/apple/backup/sptifylyrics/SpotifyLyrics/Views/Components/AppleMusicImmersiveV3BackdropView.swift (in target 'SpotifyLyrics' from project 'SpotifyLyrics')
    cd /Users/apple/backup/sptifylyrics
    
/Users/apple/backup/sptifylyrics/SpotifyLyrics/Lyrics/AudioPCMConverter.swift:205:47: warning: 'duration' was deprecated in macOS 13.0: Use load(.duration) instead
        let duration = CMTimeGetSeconds(asset.duration)
                                              ^
/Users/apple/backup/sptifylyrics/SpotifyLyrics/Lyrics/AudioPCMConverter.swift:217:25: warning: 'commonMetadata' was deprecated in macOS 13.0: Use load(.commonMetadata) instead
            from: asset.commonMetadata,
                        ^
/Users/apple/backup/sptifylyrics/SpotifyLyrics/Lyrics/AudioPCMConverter.swift:219:18: warning: 'stringValue' was deprecated in macOS 13.0: Use load(.stringValue) instead
        ).first?.stringValue
                 ^
/Users/apple/backup/sptifylyrics/SpotifyLyrics/Lyrics/AudioPCMConverter.swift:221:25: warning: 'commonMetadata' was deprecated in macOS 13.0: Use load(.commonMetadata) instead
            from: asset.commonMetadata,
                        ^
/Users/apple/backup/sptifylyrics/SpotifyLyrics/Lyrics/AudioPCMConverter.swift:223:18: warning: 'stringValue' was deprecated in macOS 13.0: Use load(.stringValue) instead
        ).first?.stringValue
                 ^

SwiftCompile normal arm64 /Users/apple/backup/sptifylyrics/SpotifyLyrics/Providers/NetEaseExperimentalLyricsProvider.swift (in target 'SpotifyLyrics' from project 'SpotifyLyrics')
    cd /Users/apple/backup/sptifylyrics
    
/Users/apple/backup/sptifylyrics/SpotifyLyrics/Lyrics/AudioPCMConverter.swift:205:47: warning: 'duration' was deprecated in macOS 13.0: Use load(.duration) instead
        let duration = CMTimeGetSeconds(asset.duration)
                                              ^
/Users/apple/backup/sptifylyrics/SpotifyLyrics/Lyrics/AudioPCMConverter.swift:217:25: warning: 'commonMetadata' was deprecated in macOS 13.0: Use load(.commonMetadata) instead
            from: asset.commonMetadata,
                        ^
/Users/apple/backup/sptifylyrics/SpotifyLyrics/Lyrics/AudioPCMConverter.swift:219:18: warning: 'stringValue' was deprecated in macOS 13.0: Use load(.stringValue) instead
        ).first?.stringValue
                 ^
/Users/apple/backup/sptifylyrics/SpotifyLyrics/Lyrics/AudioPCMConverter.swift:221:25: warning: 'commonMetadata' was deprecated in macOS 13.0: Use load(.commonMetadata) instead
            from: asset.commonMetadata,
                        ^
/Users/apple/backup/sptifylyrics/SpotifyLyrics/Lyrics/AudioPCMConverter.swift:223:18: warning: 'stringValue' was deprecated in macOS 13.0: Use load(.stringValue) instead
        ).first?.stringValue
                 ^

SwiftCompile normal arm64 /Users/apple/backup/sptifylyrics/SpotifyLyrics/Lyrics/LocalAudioASRService.swift (in target 'SpotifyLyrics' from project 'SpotifyLyrics')
    cd /Users/apple/backup/sptifylyrics
    
/Users/apple/backup/sptifylyrics/SpotifyLyrics/Lyrics/AudioPCMConverter.swift:205:47: warning: 'duration' was deprecated in macOS 13.0: Use load(.duration) instead
        let duration = CMTimeGetSeconds(asset.duration)
                                              ^
/Users/apple/backup/sptifylyrics/SpotifyLyrics/Lyrics/AudioPCMConverter.swift:217:25: warning: 'commonMetadata' was deprecated in macOS 13.0: Use load(.commonMetadata) instead
            from: asset.commonMetadata,
                        ^
/Users/apple/backup/sptifylyrics/SpotifyLyrics/Lyrics/AudioPCMConverter.swift:219:18: warning: 'stringValue' was deprecated in macOS 13.0: Use load(.stringValue) instead
        ).first?.stringValue
                 ^
/Users/apple/backup/sptifylyrics/SpotifyLyrics/Lyrics/AudioPCMConverter.swift:221:25: warning: 'commonMetadata' was deprecated in macOS 13.0: Use load(.commonMetadata) instead
            from: asset.commonMetadata,
                        ^
/Users/apple/backup/sptifylyrics/SpotifyLyrics/Lyrics/AudioPCMConverter.swift:223:18: warning: 'stringValue' was deprecated in macOS 13.0: Use load(.stringValue) instead
        ).first?.stringValue
                 ^

SwiftCompile normal arm64 /Users/apple/backup/sptifylyrics/SpotifyLyrics/Providers/QQExperimentalLyricsProvider.swift (in target 'SpotifyLyrics' from project 'SpotifyLyrics')
    cd /Users/apple/backup/sptifylyrics
    
/Users/apple/backup/sptifylyrics/SpotifyLyrics/Lyrics/AudioPCMConverter.swift:205:47: warning: 'duration' was deprecated in macOS 13.0: Use load(.duration) instead
        let duration = CMTimeGetSeconds(asset.duration)
                                              ^
/Users/apple/backup/sptifylyrics/SpotifyLyrics/Lyrics/AudioPCMConverter.swift:217:25: warning: 'commonMetadata' was deprecated in macOS 13.0: Use load(.commonMetadata) instead
            from: asset.commonMetadata,
                        ^
/Users/apple/backup/sptifylyrics/SpotifyLyrics/Lyrics/AudioPCMConverter.swift:219:18: warning: 'stringValue' was deprecated in macOS 13.0: Use load(.stringValue) instead
        ).first?.stringValue
                 ^
/Users/apple/backup/sptifylyrics/SpotifyLyrics/Lyrics/AudioPCMConverter.swift:221:25: warning: 'commonMetadata' was deprecated in macOS 13.0: Use load(.commonMetadata) instead
            from: asset.commonMetadata,
                        ^
/Users/apple/backup/sptifylyrics/SpotifyLyrics/Lyrics/AudioPCMConverter.swift:223:18: warning: 'stringValue' was deprecated in macOS 13.0: Use load(.stringValue) instead
        ).first?.stringValue
                 ^

SwiftCompile normal arm64 /Users/apple/backup/sptifylyrics/SpotifyLyrics/Lyrics/TrackAlias.swift (in target 'SpotifyLyrics' from project 'SpotifyLyrics')
    cd /Users/apple/backup/sptifylyrics
    
/Users/apple/backup/sptifylyrics/SpotifyLyrics/Lyrics/AudioPCMConverter.swift:205:47: warning: 'duration' was deprecated in macOS 13.0: Use load(.duration) instead
        let duration = CMTimeGetSeconds(asset.duration)
                                              ^
/Users/apple/backup/sptifylyrics/SpotifyLyrics/Lyrics/AudioPCMConverter.swift:217:25: warning: 'commonMetadata' was deprecated in macOS 13.0: Use load(.commonMetadata) instead
            from: asset.commonMetadata,
                        ^
/Users/apple/backup/sptifylyrics/SpotifyLyrics/Lyrics/AudioPCMConverter.swift:219:18: warning: 'stringValue' was deprecated in macOS 13.0: Use load(.stringValue) instead
        ).first?.stringValue
                 ^
/Users/apple/backup/sptifylyrics/SpotifyLyrics/Lyrics/AudioPCMConverter.swift:221:25: warning: 'commonMetadata' was deprecated in macOS 13.0: Use load(.commonMetadata) instead
            from: asset.commonMetadata,
                        ^
/Users/apple/backup/sptifylyrics/SpotifyLyrics/Lyrics/AudioPCMConverter.swift:223:18: warning: 'stringValue' was deprecated in macOS 13.0: Use load(.stringValue) instead
        ).first?.stringValue
                 ^

SwiftCompile normal arm64 /Users/apple/backup/sptifylyrics/SpotifyLyrics/Lyrics/TrackMetadata.swift (in target 'SpotifyLyrics' from project 'SpotifyLyrics')
    cd /Users/apple/backup/sptifylyrics
    
/Users/apple/backup/sptifylyrics/SpotifyLyrics/Lyrics/AudioPCMConverter.swift:205:47: warning: 'duration' was deprecated in macOS 13.0: Use load(.duration) instead
        let duration = CMTimeGetSeconds(asset.duration)
                                              ^
/Users/apple/backup/sptifylyrics/SpotifyLyrics/Lyrics/AudioPCMConverter.swift:217:25: warning: 'commonMetadata' was deprecated in macOS 13.0: Use load(.commonMetadata) instead
            from: asset.commonMetadata,
                        ^
/Users/apple/backup/sptifylyrics/SpotifyLyrics/Lyrics/AudioPCMConverter.swift:219:18: warning: 'stringValue' was deprecated in macOS 13.0: Use load(.stringValue) instead
        ).first?.stringValue
                 ^
/Users/apple/backup/sptifylyrics/SpotifyLyrics/Lyrics/AudioPCMConverter.swift:221:25: warning: 'commonMetadata' was deprecated in macOS 13.0: Use load(.commonMetadata) instead
            from: asset.commonMetadata,
                        ^
/Users/apple/backup/sptifylyrics/SpotifyLyrics/Lyrics/AudioPCMConverter.swift:223:18: warning: 'stringValue' was deprecated in macOS 13.0: Use load(.stringValue) instead
        ).first?.stringValue
                 ^

SwiftCompile normal arm64 /Users/apple/backup/sptifylyrics/SpotifyLyrics/Lyrics/TrackTextNormalizer.swift (in target 'SpotifyLyrics' from project 'SpotifyLyrics')
    cd /Users/apple/backup/sptifylyrics
    
/Users/apple/backup/sptifylyrics/SpotifyLyrics/Lyrics/AudioPCMConverter.swift:205:47: warning: 'duration' was deprecated in macOS 13.0: Use load(.duration) instead
        let duration = CMTimeGetSeconds(asset.duration)
                                              ^
/Users/apple/backup/sptifylyrics/SpotifyLyrics/Lyrics/AudioPCMConverter.swift:217:25: warning: 'commonMetadata' was deprecated in macOS 13.0: Use load(.commonMetadata) instead
            from: asset.commonMetadata,
                        ^
/Users/apple/backup/sptifylyrics/SpotifyLyrics/Lyrics/AudioPCMConverter.swift:219:18: warning: 'stringValue' was deprecated in macOS 13.0: Use load(.stringValue) instead
        ).first?.stringValue
                 ^
/Users/apple/backup/sptifylyrics/SpotifyLyrics/Lyrics/AudioPCMConverter.swift:221:25: warning: 'commonMetadata' was deprecated in macOS 13.0: Use load(.commonMetadata) instead
            from: asset.commonMetadata,
                        ^
/Users/apple/backup/sptifylyrics/SpotifyLyrics/Lyrics/AudioPCMConverter.swift:223:18: warning: 'stringValue' was deprecated in macOS 13.0: Use load(.stringValue) instead
        ).first?.stringValue
                 ^

SwiftCompile normal arm64 /Users/apple/backup/sptifylyrics/SpotifyLyrics/Lyrics/JapaneseRomanizer.swift (in target 'SpotifyLyrics' from project 'SpotifyLyrics')
    cd /Users/apple/backup/sptifylyrics
    
/Users/apple/backup/sptifylyrics/SpotifyLyrics/Lyrics/AudioPCMConverter.swift:205:47: warning: 'duration' was deprecated in macOS 13.0: Use load(.duration) instead
        let duration = CMTimeGetSeconds(asset.duration)
                                              ^
/Users/apple/backup/sptifylyrics/SpotifyLyrics/Lyrics/AudioPCMConverter.swift:217:25: warning: 'commonMetadata' was deprecated in macOS 13.0: Use load(.commonMetadata) instead
            from: asset.commonMetadata,
                        ^
/Users/apple/backup/sptifylyrics/SpotifyLyrics/Lyrics/AudioPCMConverter.swift:219:18: warning: 'stringValue' was deprecated in macOS 13.0: Use load(.stringValue) instead
        ).first?.stringValue
                 ^
/Users/apple/backup/sptifylyrics/SpotifyLyrics/Lyrics/AudioPCMConverter.swift:221:25: warning: 'commonMetadata' was deprecated in macOS 13.0: Use load(.commonMetadata) instead
            from: asset.commonMetadata,
                        ^
/Users/apple/backup/sptifylyrics/SpotifyLyrics/Lyrics/AudioPCMConverter.swift:223:18: warning: 'stringValue' was deprecated in macOS 13.0: Use load(.stringValue) instead
        ).first?.stringValue
                 ^

SwiftCompile normal arm64 /Users/apple/backup/sptifylyrics/SpotifyLyrics/Lyrics/JapaneseReadingPipeline.swift (in target 'SpotifyLyrics' from project 'SpotifyLyrics')
    cd /Users/apple/backup/sptifylyrics
    
/Users/apple/backup/sptifylyrics/SpotifyLyrics/Lyrics/AudioPCMConverter.swift:205:47: warning: 'duration' was deprecated in macOS 13.0: Use load(.duration) instead
        let duration = CMTimeGetSeconds(asset.duration)
                                              ^
/Users/apple/backup/sptifylyrics/SpotifyLyrics/Lyrics/AudioPCMConverter.swift:217:25: warning: 'commonMetadata' was deprecated in macOS 13.0: Use load(.commonMetadata) instead
            from: asset.commonMetadata,
                        ^
/Users/apple/backup/sptifylyrics/SpotifyLyrics/Lyrics/AudioPCMConverter.swift:219:18: warning: 'stringValue' was deprecated in macOS 13.0: Use load(.stringValue) instead
        ).first?.stringValue
                 ^
/Users/apple/backup/sptifylyrics/SpotifyLyrics/Lyrics/AudioPCMConverter.swift:221:25: warning: 'commonMetadata' was deprecated in macOS 13.0: Use load(.commonMetadata) instead
            from: asset.commonMetadata,
                        ^
/Users/apple/backup/sptifylyrics/SpotifyLyrics/Lyrics/AudioPCMConverter.swift:223:18: warning: 'stringValue' was deprecated in macOS 13.0: Use load(.stringValue) instead
        ).first?.stringValue
                 ^

SwiftCompile normal arm64 /Users/apple/backup/sptifylyrics/SpotifyLyrics/Lyrics/ReadingModels.swift (in target 'SpotifyLyrics' from project 'SpotifyLyrics')
    cd /Users/apple/backup/sptifylyrics
    
/Users/apple/backup/sptifylyrics/SpotifyLyrics/Lyrics/AudioPCMConverter.swift:205:47: warning: 'duration' was deprecated in macOS 13.0: Use load(.duration) instead
        let duration = CMTimeGetSeconds(asset.duration)
                                              ^
/Users/apple/backup/sptifylyrics/SpotifyLyrics/Lyrics/AudioPCMConverter.swift:217:25: warning: 'commonMetadata' was deprecated in macOS 13.0: Use load(.commonMetadata) instead
            from: asset.commonMetadata,
                        ^
/Users/apple/backup/sptifylyrics/SpotifyLyrics/Lyrics/AudioPCMConverter.swift:219:18: warning: 'stringValue' was deprecated in macOS 13.0: Use load(.stringValue) instead
        ).first?.stringValue
                 ^
/Users/apple/backup/sptifylyrics/SpotifyLyrics/Lyrics/AudioPCMConverter.swift:221:25: warning: 'commonMetadata' was deprecated in macOS 13.0: Use load(.commonMetadata) instead
            from: asset.commonMetadata,
                        ^
/Users/apple/backup/sptifylyrics/SpotifyLyrics/Lyrics/AudioPCMConverter.swift:223:18: warning: 'stringValue' was deprecated in macOS 13.0: Use load(.stringValue) instead
        ).first?.stringValue
                 ^

SwiftCompile normal arm64 Compiling\ AITranslationResponseParser.swift,\ OpenAICompatibleClient.swift,\ AITranslationService.swift,\ TranslationRepository.swift,\ TranslationSessionController.swift,\ LyricsEditingRepository.swift,\ LyricsEditorSessionController.swift,\ LyricsEditorWindowView.swift,\ LyricsEditorModels.swift,\ LyricsTimelineValidator.swift,\ LRCImportExport.swift,\ TextLyricsImport.swift,\ ManualLyricsActionsView.swift,\ AlignmentProvenanceStore.swift,\ AlignmentSessionGuard.swift,\ AlignmentPreviewView.swift /Users/apple/backup/sptifylyrics/SpotifyLyrics/AI/AITranslationResponseParser.swift /Users/apple/backup/sptifylyrics/SpotifyLyrics/AI/OpenAICompatibleClient.swift /Users/apple/backup/sptifylyrics/SpotifyLyrics/AI/AITranslationService.swift /Users/apple/backup/sptifylyrics/SpotifyLyrics/Persistence/TranslationRepository.swift /Users/apple/backup/sptifylyrics/SpotifyLyrics/Services/TranslationSessionController.swift /Users/apple/backup/sptifylyrics/SpotifyLyrics/Persistence/LyricsEditingRepository.swift /Users/apple/backup/sptifylyrics/SpotifyLyrics/Services/LyricsEditorSessionController.swift /Users/apple/backup/sptifylyrics/SpotifyLyrics/Views/Editor/LyricsEditorWindowView.swift /Users/apple/backup/sptifylyrics/SpotifyLyrics/Editor/LyricsEditorModels.swift /Users/apple/backup/sptifylyrics/SpotifyLyrics/Editor/LyricsTimelineValidator.swift /Users/apple/backup/sptifylyrics/SpotifyLyrics/Editor/LRCImportExport.swift /Users/apple/backup/sptifylyrics/SpotifyLyrics/Editor/TextLyricsImport.swift /Users/apple/backup/sptifylyrics/SpotifyLyrics/Views/Components/ManualLyricsActionsView.swift /Users/apple/backup/sptifylyrics/SpotifyLyrics/Persistence/AlignmentProvenanceStore.swift /Users/apple/backup/sptifylyrics/SpotifyLyrics/Lyrics/AlignmentSessionGuard.swift /Users/apple/backup/sptifylyrics/SpotifyLyrics/Views/Components/AlignmentPreviewView.swift (in target 'SpotifyLyrics' from project 'SpotifyLyrics')

SwiftCompile normal arm64 /Users/apple/backup/sptifylyrics/SpotifyLyrics/AI/AITranslationResponseParser.swift (in target 'SpotifyLyrics' from project 'SpotifyLyrics')
    cd /Users/apple/backup/sptifylyrics
    

SwiftCompile normal arm64 /Users/apple/backup/sptifylyrics/SpotifyLyrics/AI/OpenAICompatibleClient.swift (in target 'SpotifyLyrics' from project 'SpotifyLyrics')
    cd /Users/apple/backup/sptifylyrics
    

SwiftCompile normal arm64 /Users/apple/backup/sptifylyrics/SpotifyLyrics/AI/AITranslationService.swift (in target 'SpotifyLyrics' from project 'SpotifyLyrics')
    cd /Users/apple/backup/sptifylyrics
    

SwiftCompile normal arm64 /Users/apple/backup/sptifylyrics/SpotifyLyrics/Persistence/TranslationRepository.swift (in target 'SpotifyLyrics' from project 'SpotifyLyrics')
    cd /Users/apple/backup/sptifylyrics
    

SwiftCompile normal arm64 /Users/apple/backup/sptifylyrics/SpotifyLyrics/Services/TranslationSessionController.swift (in target 'SpotifyLyrics' from project 'SpotifyLyrics')
    cd /Users/apple/backup/sptifylyrics
    

SwiftCompile normal arm64 /Users/apple/backup/sptifylyrics/SpotifyLyrics/Persistence/LyricsEditingRepository.swift (in target 'SpotifyLyrics' from project 'SpotifyLyrics')
    cd /Users/apple/backup/sptifylyrics
    

SwiftCompile normal arm64 /Users/apple/backup/sptifylyrics/SpotifyLyrics/Services/LyricsEditorSessionController.swift (in target 'SpotifyLyrics' from project 'SpotifyLyrics')
    cd /Users/apple/backup/sptifylyrics
    

SwiftCompile normal arm64 /Users/apple/backup/sptifylyrics/SpotifyLyrics/Views/Editor/LyricsEditorWindowView.swift (in target 'SpotifyLyrics' from project 'SpotifyLyrics')
    cd /Users/apple/backup/sptifylyrics
    

SwiftCompile normal arm64 /Users/apple/backup/sptifylyrics/SpotifyLyrics/Editor/LyricsEditorModels.swift (in target 'SpotifyLyrics' from project 'SpotifyLyrics')
    cd /Users/apple/backup/sptifylyrics
    

SwiftCompile normal arm64 /Users/apple/backup/sptifylyrics/SpotifyLyrics/Editor/LyricsTimelineValidator.swift (in target 'SpotifyLyrics' from project 'SpotifyLyrics')
    cd /Users/apple/backup/sptifylyrics
    

SwiftCompile normal arm64 /Users/apple/backup/sptifylyrics/SpotifyLyrics/Editor/LRCImportExport.swift (in target 'SpotifyLyrics' from project 'SpotifyLyrics')
    cd /Users/apple/backup/sptifylyrics
    

SwiftCompile normal arm64 /Users/apple/backup/sptifylyrics/SpotifyLyrics/Editor/TextLyricsImport.swift (in target 'SpotifyLyrics' from project 'SpotifyLyrics')
    cd /Users/apple/backup/sptifylyrics
    

SwiftCompile normal arm64 /Users/apple/backup/sptifylyrics/SpotifyLyrics/Views/Components/ManualLyricsActionsView.swift (in target 'SpotifyLyrics' from project 'SpotifyLyrics')
    cd /Users/apple/backup/sptifylyrics
    

SwiftCompile normal arm64 /Users/apple/backup/sptifylyrics/SpotifyLyrics/Persistence/AlignmentProvenanceStore.swift (in target 'SpotifyLyrics' from project 'SpotifyLyrics')
    cd /Users/apple/backup/sptifylyrics
    

SwiftCompile normal arm64 /Users/apple/backup/sptifylyrics/SpotifyLyrics/Lyrics/AlignmentSessionGuard.swift (in target 'SpotifyLyrics' from project 'SpotifyLyrics')
    cd /Users/apple/backup/sptifylyrics
    

SwiftCompile normal arm64 /Users/apple/backup/sptifylyrics/SpotifyLyrics/Views/Components/AlignmentPreviewView.swift (in target 'SpotifyLyrics' from project 'SpotifyLyrics')
    cd /Users/apple/backup/sptifylyrics
    

SwiftCompile normal arm64 Compiling\ JapaneseReadingEngines.swift,\ ChinesePinyinReadingEngine.swift,\ ReadingScriptConversion.swift,\ ReadingUserDictionary.swift,\ ReadingEngineRegistry.swift,\ ReadingSettings.swift,\ ReadingSessionController.swift,\ ReadingLanguageGate.swift,\ AIReadingCandidateService.swift,\ JapaneseKanaGenerator.swift,\ LyricsQueryPlanner.swift,\ LyricsSafeMatcher.swift,\ LyricsRecoveryModels.swift,\ DatabaseModels.swift,\ DatabaseMigrator.swift,\ LyricsRepository.swift,\ LyricsPersistenceMapper.swift /Users/apple/backup/sptifylyrics/SpotifyLyrics/Lyrics/JapaneseReadingEngines.swift /Users/apple/backup/sptifylyrics/SpotifyLyrics/Lyrics/ChinesePinyinReadingEngine.swift /Users/apple/backup/sptifylyrics/SpotifyLyrics/Lyrics/ReadingScriptConversion.swift /Users/apple/backup/sptifylyrics/SpotifyLyrics/Lyrics/ReadingUserDictionary.swift /Users/apple/backup/sptifylyrics/SpotifyLyrics/Lyrics/ReadingEngineRegistry.swift /Users/apple/backup/sptifylyrics/SpotifyLyrics/Lyrics/ReadingSettings.swift /Users/apple/backup/sptifylyrics/SpotifyLyrics/Lyrics/ReadingSessionController.swift /Users/apple/backup/sptifylyrics/SpotifyLyrics/Lyrics/ReadingLanguageGate.swift /Users/apple/backup/sptifylyrics/SpotifyLyrics/Lyrics/AIReadingCandidateService.swift /Users/apple/backup/sptifylyrics/SpotifyLyrics/Lyrics/JapaneseKanaGenerator.swift /Users/apple/backup/sptifylyrics/SpotifyLyrics/Lyrics/LyricsQueryPlanner.swift /Users/apple/backup/sptifylyrics/SpotifyLyrics/Lyrics/LyricsSafeMatcher.swift /Users/apple/backup/sptifylyrics/SpotifyLyrics/Lyrics/LyricsRecoveryModels.swift /Users/apple/backup/sptifylyrics/SpotifyLyrics/Persistence/DatabaseModels.swift /Users/apple/backup/sptifylyrics/SpotifyLyrics/Persistence/DatabaseMigrator.swift /Users/apple/backup/sptifylyrics/SpotifyLyrics/Persistence/LyricsRepository.swift /Users/apple/backup/sptifylyrics/SpotifyLyrics/Persistence/LyricsPersistenceMapper.swift (in target 'SpotifyLyrics' from project 'SpotifyLyrics')

SwiftCompile normal arm64 /Users/apple/backup/sptifylyrics/SpotifyLyrics/Lyrics/JapaneseReadingEngines.swift (in target 'SpotifyLyrics' from project 'SpotifyLyrics')
    cd /Users/apple/backup/sptifylyrics
    

SwiftCompile normal arm64 /Users/apple/backup/sptifylyrics/SpotifyLyrics/Lyrics/ChinesePinyinReadingEngine.swift (in target 'SpotifyLyrics' from project 'SpotifyLyrics')
    cd /Users/apple/backup/sptifylyrics
    

SwiftCompile normal arm64 /Users/apple/backup/sptifylyrics/SpotifyLyrics/Lyrics/ReadingScriptConversion.swift (in target 'SpotifyLyrics' from project 'SpotifyLyrics')
    cd /Users/apple/backup/sptifylyrics
    

SwiftCompile normal arm64 /Users/apple/backup/sptifylyrics/SpotifyLyrics/Lyrics/ReadingUserDictionary.swift (in target 'SpotifyLyrics' from project 'SpotifyLyrics')
    cd /Users/apple/backup/sptifylyrics
    

SwiftCompile normal arm64 /Users/apple/backup/sptifylyrics/SpotifyLyrics/Lyrics/ReadingEngineRegistry.swift (in target 'SpotifyLyrics' from project 'SpotifyLyrics')
    cd /Users/apple/backup/sptifylyrics
    

SwiftCompile normal arm64 /Users/apple/backup/sptifylyrics/SpotifyLyrics/Lyrics/ReadingSettings.swift (in target 'SpotifyLyrics' from project 'SpotifyLyrics')
    cd /Users/apple/backup/sptifylyrics
    

SwiftCompile normal arm64 /Users/apple/backup/sptifylyrics/SpotifyLyrics/Lyrics/ReadingSessionController.swift (in target 'SpotifyLyrics' from project 'SpotifyLyrics')
    cd /Users/apple/backup/sptifylyrics
    

SwiftCompile normal arm64 /Users/apple/backup/sptifylyrics/SpotifyLyrics/Lyrics/ReadingLanguageGate.swift (in target 'SpotifyLyrics' from project 'SpotifyLyrics')
    cd /Users/apple/backup/sptifylyrics
    

SwiftCompile normal arm64 /Users/apple/backup/sptifylyrics/SpotifyLyrics/Lyrics/AIReadingCandidateService.swift (in target 'SpotifyLyrics' from project 'SpotifyLyrics')
    cd /Users/apple/backup/sptifylyrics
    

SwiftCompile normal arm64 /Users/apple/backup/sptifylyrics/SpotifyLyrics/Lyrics/JapaneseKanaGenerator.swift (in target 'SpotifyLyrics' from project 'SpotifyLyrics')
    cd /Users/apple/backup/sptifylyrics
    

SwiftCompile normal arm64 /Users/apple/backup/sptifylyrics/SpotifyLyrics/Lyrics/LyricsQueryPlanner.swift (in target 'SpotifyLyrics' from project 'SpotifyLyrics')
    cd /Users/apple/backup/sptifylyrics
    

SwiftCompile normal arm64 /Users/apple/backup/sptifylyrics/SpotifyLyrics/Lyrics/LyricsSafeMatcher.swift (in target 'SpotifyLyrics' from project 'SpotifyLyrics')
    cd /Users/apple/backup/sptifylyrics
    

SwiftCompile normal arm64 /Users/apple/backup/sptifylyrics/SpotifyLyrics/Lyrics/LyricsRecoveryModels.swift (in target 'SpotifyLyrics' from project 'SpotifyLyrics')
    cd /Users/apple/backup/sptifylyrics
    

SwiftCompile normal arm64 /Users/apple/backup/sptifylyrics/SpotifyLyrics/Persistence/DatabaseModels.swift (in target 'SpotifyLyrics' from project 'SpotifyLyrics')
    cd /Users/apple/backup/sptifylyrics
    

SwiftCompile normal arm64 /Users/apple/backup/sptifylyrics/SpotifyLyrics/Persistence/DatabaseMigrator.swift (in target 'SpotifyLyrics' from project 'SpotifyLyrics')
    cd /Users/apple/backup/sptifylyrics
    

SwiftCompile normal arm64 /Users/apple/backup/sptifylyrics/SpotifyLyrics/Persistence/LyricsRepository.swift (in target 'SpotifyLyrics' from project 'SpotifyLyrics')
    cd /Users/apple/backup/sptifylyrics
    

SwiftCompile normal arm64 /Users/apple/backup/sptifylyrics/SpotifyLyrics/Persistence/LyricsPersistenceMapper.swift (in target 'SpotifyLyrics' from project 'SpotifyLyrics')
    cd /Users/apple/backup/sptifylyrics
    

SwiftCompile normal arm64 Compiling\ Main.swift,\ DebugDatabaseSafety.swift,\ Models.swift,\ MockData.swift,\ PlaybackState.swift,\ WindowManager.swift,\ LyricsViews.swift,\ MainLyricsWindowView.swift,\ LyricsCanvasView.swift,\ AssistExplainSheet.swift,\ LyricLineView.swift,\ TrackHeaderView.swift,\ LyricsPreferencesPopover.swift,\ LyricsDesignTokens.swift,\ PresentationPreviewLiveFactory.swift,\ PresentationPreviewEngine.swift,\ PresentationPreviewContext.swift /Users/apple/backup/sptifylyrics/SpotifyLyrics/Main.swift /Users/apple/backup/sptifylyrics/SpotifyLyrics/DebugDatabaseSafety.swift /Users/apple/backup/sptifylyrics/SpotifyLyrics/Models/Models.swift /Users/apple/backup/sptifylyrics/SpotifyLyrics/Services/MockData.swift /Users/apple/backup/sptifylyrics/SpotifyLyrics/Services/PlaybackState.swift /Users/apple/backup/sptifylyrics/SpotifyLyrics/Windows/WindowManager.swift /Users/apple/backup/sptifylyrics/SpotifyLyrics/Views/LyricsViews.swift /Users/apple/backup/sptifylyrics/SpotifyLyrics/Views/MainWindow/MainLyricsWindowView.swift /Users/apple/backup/sptifylyrics/SpotifyLyrics/Views/Components/LyricsCanvasView.swift /Users/apple/backup/sptifylyrics/SpotifyLyrics/Views/Components/AssistExplainSheet.swift /Users/apple/backup/sptifylyrics/SpotifyLyrics/Views/Components/LyricLineView.swift /Users/apple/backup/sptifylyrics/SpotifyLyrics/Views/Components/TrackHeaderView.swift /Users/apple/backup/sptifylyrics/SpotifyLyrics/Views/Components/LyricsPreferencesPopover.swift /Users/apple/backup/sptifylyrics/SpotifyLyrics/Design/LyricsDesignTokens.swift /Users/apple/backup/sptifylyrics/SpotifyLyrics/Design/PresentationPreviewLiveFactory.swift /Users/apple/backup/sptifylyrics/SpotifyLyrics/Design/PresentationPreviewEngine.swift /Users/apple/backup/sptifylyrics/SpotifyLyrics/Design/PresentationPreviewContext.swift (in target 'SpotifyLyrics' from project 'SpotifyLyrics')
SwiftCompile normal arm64 /Users/apple/backup/sptifylyrics/SpotifyLyrics/Main.swift (in target 'SpotifyLyrics' from project 'SpotifyLyrics')
    cd /Users/apple/backup/sptifylyrics
    

SwiftCompile normal arm64 /Users/apple/backup/sptifylyrics/SpotifyLyrics/DebugDatabaseSafety.swift (in target 'SpotifyLyrics' from project 'SpotifyLyrics')
    cd /Users/apple/backup/sptifylyrics
    

SwiftCompile normal arm64 /Users/apple/backup/sptifylyrics/SpotifyLyrics/Models/Models.swift (in target 'SpotifyLyrics' from project 'SpotifyLyrics')
    cd /Users/apple/backup/sptifylyrics
    

SwiftCompile normal arm64 /Users/apple/backup/sptifylyrics/SpotifyLyrics/Services/MockData.swift (in target 'SpotifyLyrics' from project 'SpotifyLyrics')
    cd /Users/apple/backup/sptifylyrics
    

SwiftCompile normal arm64 /Users/apple/backup/sptifylyrics/SpotifyLyrics/Services/PlaybackState.swift (in target 'SpotifyLyrics' from project 'SpotifyLyrics')
    cd /Users/apple/backup/sptifylyrics
    

SwiftCompile normal arm64 /Users/apple/backup/sptifylyrics/SpotifyLyrics/Windows/WindowManager.swift (in target 'SpotifyLyrics' from project 'SpotifyLyrics')
    cd /Users/apple/backup/sptifylyrics
    
/Users/apple/backup/sptifylyrics/SpotifyLyrics/Windows/WindowManager.swift:30:19: warning: main actor-isolated property 'fullScreenAuxiliaryVisibilitySnapshot' can not be mutated from a Sendable closure
            self?.fullScreenAuxiliaryVisibilitySnapshot = nil
                  ^
/Users/apple/backup/sptifylyrics/SpotifyLyrics/Windows/WindowManager.swift:19:17: note: mutation of this property is only permitted within the actor
    private var fullScreenAuxiliaryVisibilitySnapshot: FullScreenAuxiliaryVisibilitySnapshot?
                ^
/Users/apple/backup/sptifylyrics/SpotifyLyrics/Windows/WindowManager.swift:31:41: warning: main actor-isolated property 'onDidHide' can not be mutated from a Sendable closure
            self?.fullScreenController?.onDidHide = nil
                                        ^
/Users/apple/backup/sptifylyrics/SpotifyLyrics/Windows/FullScreenLyricsWindowController.swift:37:9: note: mutation of this property is only permitted within the actor
    var onDidHide: (() -> Void)?
        ^
/Users/apple/backup/sptifylyrics/SpotifyLyrics/Windows/WindowManager.swift:31:19: warning: main actor-isolated property 'fullScreenController' can not be referenced from a Sendable closure
            self?.fullScreenController?.onDidHide = nil
                  ^
/Users/apple/backup/sptifylyrics/SpotifyLyrics/Windows/WindowManager.swift:18:17: note: property declared here
    private var fullScreenController: FullScreenLyricsWindowController?
                ^

SwiftCompile normal arm64 /Users/apple/backup/sptifylyrics/SpotifyLyrics/Views/LyricsViews.swift (in target 'SpotifyLyrics' from project 'SpotifyLyrics')
    cd /Users/apple/backup/sptifylyrics
    

SwiftCompile normal arm64 /Users/apple/backup/sptifylyrics/SpotifyLyrics/Views/MainWindow/MainLyricsWindowView.swift (in target 'SpotifyLyrics' from project 'SpotifyLyrics')
    cd /Users/apple/backup/sptifylyrics
    

SwiftCompile normal arm64 /Users/apple/backup/sptifylyrics/SpotifyLyrics/Views/Components/LyricsCanvasView.swift (in target 'SpotifyLyrics' from project 'SpotifyLyrics')
    cd /Users/apple/backup/sptifylyrics
    

SwiftCompile normal arm64 /Users/apple/backup/sptifylyrics/SpotifyLyrics/Views/Components/AssistExplainSheet.swift (in target 'SpotifyLyrics' from project 'SpotifyLyrics')
    cd /Users/apple/backup/sptifylyrics
    

SwiftCompile normal arm64 /Users/apple/backup/sptifylyrics/SpotifyLyrics/Views/Components/LyricLineView.swift (in target 'SpotifyLyrics' from project 'SpotifyLyrics')
    cd /Users/apple/backup/sptifylyrics
    

SwiftCompile normal arm64 /Users/apple/backup/sptifylyrics/SpotifyLyrics/Views/Components/TrackHeaderView.swift (in target 'SpotifyLyrics' from project 'SpotifyLyrics')
    cd /Users/apple/backup/sptifylyrics
    

SwiftCompile normal arm64 /Users/apple/backup/sptifylyrics/SpotifyLyrics/Views/Components/LyricsPreferencesPopover.swift (in target 'SpotifyLyrics' from project 'SpotifyLyrics')
    cd /Users/apple/backup/sptifylyrics
    

SwiftCompile normal arm64 /Users/apple/backup/sptifylyrics/SpotifyLyrics/Design/LyricsDesignTokens.swift (in target 'SpotifyLyrics' from project 'SpotifyLyrics')
    cd /Users/apple/backup/sptifylyrics
    

SwiftCompile normal arm64 /Users/apple/backup/sptifylyrics/SpotifyLyrics/Design/PresentationPreviewLiveFactory.swift (in target 'SpotifyLyrics' from project 'SpotifyLyrics')
    cd /Users/apple/backup/sptifylyrics
    

SwiftCompile normal arm64 /Users/apple/backup/sptifylyrics/SpotifyLyrics/Design/PresentationPreviewEngine.swift (in target 'SpotifyLyrics' from project 'SpotifyLyrics')
    cd /Users/apple/backup/sptifylyrics
    

SwiftCompile normal arm64 /Users/apple/backup/sptifylyrics/SpotifyLyrics/Design/PresentationPreviewContext.swift (in target 'SpotifyLyrics' from project 'SpotifyLyrics')
    cd /Users/apple/backup/sptifylyrics
    

SwiftDriverJobDiscovery normal arm64 Emitting module for SpotifyLyrics (in target 'SpotifyLyrics' from project 'SpotifyLyrics')

SwiftDriver\ Compilation\ Requirements SpotifyLyrics normal arm64 com.apple.xcode.tools.swift.compiler (in target 'SpotifyLyrics' from project 'SpotifyLyrics')
    cd /Users/apple/backup/sptifylyrics
    builtin-Swift-Compilation-Requirements -- /Applications/Xcode.app/Contents/Developer/Toolchains/XcodeDefault.xctoolchain/usr/bin/swiftc -module-name SpotifyLyrics -Onone @/Users/apple/backup/sptifylyrics/DerivedDataMVP1/Build/Intermediates.noindex/SpotifyLyrics.build/Debug/SpotifyLyrics.build/Objects-normal/arm64/SpotifyLyrics.SwiftFileList -DDEBUG -enable-bare-slash-regex -enable-experimental-feature DebugDescriptionMacro -sdk /Applications/Xcode.app/Contents/Developer/Platforms/MacOSX.platform/Developer/SDKs/MacOSX26.5.sdk -target arm64-apple-macos14.0 -g -module-cache-path /Users/apple/backup/sptifylyrics/DerivedDataMVP1/ModuleCache.noindex -Xfrontend -serialize-debugging-options -enable-testing -index-store-path /Users/apple/backup/sptifylyrics/DerivedDataMVP1/Index.noindex/DataStore -Xcc -D_LIBCPP_HARDENING_MODE\=_LIBCPP_HARDENING_MODE_DEBUG -swift-version 5 -I /Users/apple/backup/sptifylyrics/DerivedDataMVP1/Build/Products/Debug -F /Users/apple/backup/sptifylyrics/DerivedDataMVP1/Build/Products/Debug -c -j10 -enable-batch-mode -incremental -Xcc -ivfsstatcache -Xcc /Users/apple/backup/sptifylyrics/DerivedDataMVP1/SDKStatCaches.noindex/macosx26.5-25F70-e082c4a02f00227109f4ed75e425c832.sdkstatcache -output-file-map /Users/apple/backup/sptifylyrics/DerivedDataMVP1/Build/Intermediates.noindex/SpotifyLyrics.build/Debug/SpotifyLyrics.build/Objects-normal/arm64/SpotifyLyrics-OutputFileMap.json -use-frontend-parseable-output -save-temps -no-color-diagnostics -explicit-module-build -module-cache-path /Users/apple/backup/sptifylyrics/DerivedDataMVP1/Build/Intermediates.noindex/SwiftExplicitPrecompiledModules -clang-scanner-module-cache-path /Users/apple/backup/sptifylyrics/DerivedDataMVP1/ModuleCache.noindex -sdk-module-cache-path /Users/apple/backup/sptifylyrics/DerivedDataMVP1/ModuleCache.noindex -serialize-diagnostics -emit-dependencies -emit-module -emit-module-path /Users/apple/backup/sptifylyrics/DerivedDataMVP1/Build/Intermediates.noindex/SpotifyLyrics.build/Debug/SpotifyLyrics.build/Objects-normal/arm64/SpotifyLyrics.swiftmodule -validate-clang-modules-once -clang-build-session-file /Users/apple/backup/sptifylyrics/DerivedDataMVP1/ModuleCache.noindex/Session.modulevalidation -Xcc -I/Users/apple/backup/sptifylyrics/DerivedDataMVP1/Build/Intermediates.noindex/SpotifyLyrics.build/Debug/SpotifyLyrics.build/swift-overrides.hmap -emit-const-values -Xfrontend -const-gather-protocols-file -Xfrontend /Users/apple/backup/sptifylyrics/DerivedDataMVP1/Build/Intermediates.noindex/SpotifyLyrics.build/Debug/SpotifyLyrics.build/Objects-normal/arm64/SpotifyLyrics_const_extract_protocols.json -Xcc -iquote -Xcc /Users/apple/backup/sptifylyrics/DerivedDataMVP1/Build/Intermediates.noindex/SpotifyLyrics.build/Debug/SpotifyLyrics.build/SpotifyLyrics-generated-files.hmap -Xcc -I/Users/apple/backup/sptifylyrics/DerivedDataMVP1/Build/Intermediates.noindex/SpotifyLyrics.build/Debug/SpotifyLyrics.build/SpotifyLyrics-own-target-headers.hmap -Xcc -I/Users/apple/backup/sptifylyrics/DerivedDataMVP1/Build/Intermediates.noindex/SpotifyLyrics.build/Debug/SpotifyLyrics.build/SpotifyLyrics-all-target-headers.hmap -Xcc -iquote -Xcc /Users/apple/backup/sptifylyrics/DerivedDataMVP1/Build/Intermediates.noindex/SpotifyLyrics.build/Debug/SpotifyLyrics.build/SpotifyLyrics-project-headers.hmap -Xcc -I/Users/apple/backup/sptifylyrics/DerivedDataMVP1/Build/Products/Debug/include -Xcc -I/Users/apple/backup/sptifylyrics/DerivedDataMVP1/Build/Intermediates.noindex/SpotifyLyrics.build/Debug/SpotifyLyrics.build/DerivedSources-normal/arm64 -Xcc -I/Users/apple/backup/sptifylyrics/DerivedDataMVP1/Build/Intermediates.noindex/SpotifyLyrics.build/Debug/SpotifyLyrics.build/DerivedSources/arm64 -Xcc -I/Users/apple/backup/sptifylyrics/DerivedDataMVP1/Build/Intermediates.noindex/SpotifyLyrics.build/Debug/SpotifyLyrics.build/DerivedSources -Xcc -DDEBUG\=1 -emit-objc-header -emit-objc-header-path /Users/apple/backup/sptifylyrics/DerivedDataMVP1/Build/Intermediates.noindex/SpotifyLyrics.build/Debug/SpotifyLyrics.build/Objects-normal/arm64/SpotifyLyrics-Swift.h -working-directory /Users/apple/backup/sptifylyrics -experimental-emit-module-separately -disable-cmo

SwiftDriverJobDiscovery normal arm64 Compiling JapaneseReadingEngines.swift, ChinesePinyinReadingEngine.swift, ReadingScriptConversion.swift, ReadingUserDictionary.swift, ReadingEngineRegistry.swift, ReadingSettings.swift, ReadingSessionController.swift, ReadingLanguageGate.swift, AIReadingCandidateService.swift, JapaneseKanaGenerator.swift, LyricsQueryPlanner.swift, LyricsSafeMatcher.swift, LyricsRecoveryModels.swift, DatabaseModels.swift, DatabaseMigrator.swift, LyricsRepository.swift, LyricsPersistenceMapper.swift (in target 'SpotifyLyrics' from project 'SpotifyLyrics')

SwiftMergeGeneratedHeaders /Users/apple/backup/sptifylyrics/DerivedDataMVP1/Build/Intermediates.noindex/SpotifyLyrics.build/Debug/SpotifyLyrics.build/DerivedSources/SpotifyLyrics-Swift.h /Users/apple/backup/sptifylyrics/DerivedDataMVP1/Build/Intermediates.noindex/SpotifyLyrics.build/Debug/SpotifyLyrics.build/Objects-normal/arm64/SpotifyLyrics-Swift.h (in target 'SpotifyLyrics' from project 'SpotifyLyrics')
    cd /Users/apple/backup/sptifylyrics
    builtin-swiftHeaderTool -arch arm64 /Users/apple/backup/sptifylyrics/DerivedDataMVP1/Build/Intermediates.noindex/SpotifyLyrics.build/Debug/SpotifyLyrics.build/Objects-normal/arm64/SpotifyLyrics-Swift.h -o /Users/apple/backup/sptifylyrics/DerivedDataMVP1/Build/Intermediates.noindex/SpotifyLyrics.build/Debug/SpotifyLyrics.build/DerivedSources/SpotifyLyrics-Swift.h

Copy /Users/apple/backup/sptifylyrics/DerivedDataMVP1/Build/Products/Debug/SpotifyLyrics.swiftmodule/arm64-apple-macos.swiftmodule /Users/apple/backup/sptifylyrics/DerivedDataMVP1/Build/Intermediates.noindex/SpotifyLyrics.build/Debug/SpotifyLyrics.build/Objects-normal/arm64/SpotifyLyrics.swiftmodule (in target 'SpotifyLyrics' from project 'SpotifyLyrics')
    cd /Users/apple/backup/sptifylyrics
    builtin-copy -exclude .DS_Store -exclude CVS -exclude .svn -exclude .git -exclude .hg -resolve-src-symlinks -rename /Users/apple/backup/sptifylyrics/DerivedDataMVP1/Build/Intermediates.noindex/SpotifyLyrics.build/Debug/SpotifyLyrics.build/Objects-normal/arm64/SpotifyLyrics.swiftmodule /Users/apple/backup/sptifylyrics/DerivedDataMVP1/Build/Products/Debug/SpotifyLyrics.swiftmodule/arm64-apple-macos.swiftmodule

Copy /Users/apple/backup/sptifylyrics/DerivedDataMVP1/Build/Products/Debug/SpotifyLyrics.swiftmodule/arm64-apple-macos.swiftdoc /Users/apple/backup/sptifylyrics/DerivedDataMVP1/Build/Intermediates.noindex/SpotifyLyrics.build/Debug/SpotifyLyrics.build/Objects-normal/arm64/SpotifyLyrics.swiftdoc (in target 'SpotifyLyrics' from project 'SpotifyLyrics')
    cd /Users/apple/backup/sptifylyrics
    builtin-copy -exclude .DS_Store -exclude CVS -exclude .svn -exclude .git -exclude .hg -resolve-src-symlinks -rename /Users/apple/backup/sptifylyrics/DerivedDataMVP1/Build/Intermediates.noindex/SpotifyLyrics.build/Debug/SpotifyLyrics.build/Objects-normal/arm64/SpotifyLyrics.swiftdoc /Users/apple/backup/sptifylyrics/DerivedDataMVP1/Build/Products/Debug/SpotifyLyrics.swiftmodule/arm64-apple-macos.swiftdoc

Copy /Users/apple/backup/sptifylyrics/DerivedDataMVP1/Build/Products/Debug/SpotifyLyrics.swiftmodule/arm64-apple-macos.abi.json /Users/apple/backup/sptifylyrics/DerivedDataMVP1/Build/Intermediates.noindex/SpotifyLyrics.build/Debug/SpotifyLyrics.build/Objects-normal/arm64/SpotifyLyrics.abi.json (in target 'SpotifyLyrics' from project 'SpotifyLyrics')
    cd /Users/apple/backup/sptifylyrics
    builtin-copy -exclude .DS_Store -exclude CVS -exclude .svn -exclude .git -exclude .hg -resolve-src-symlinks -rename /Users/apple/backup/sptifylyrics/DerivedDataMVP1/Build/Intermediates.noindex/SpotifyLyrics.build/Debug/SpotifyLyrics.build/Objects-normal/arm64/SpotifyLyrics.abi.json /Users/apple/backup/sptifylyrics/DerivedDataMVP1/Build/Products/Debug/SpotifyLyrics.swiftmodule/arm64-apple-macos.abi.json

Copy /Users/apple/backup/sptifylyrics/DerivedDataMVP1/Build/Products/Debug/SpotifyLyrics.swiftmodule/Project/arm64-apple-macos.swiftsourceinfo /Users/apple/backup/sptifylyrics/DerivedDataMVP1/Build/Intermediates.noindex/SpotifyLyrics.build/Debug/SpotifyLyrics.build/Objects-normal/arm64/SpotifyLyrics.swiftsourceinfo (in target 'SpotifyLyrics' from project 'SpotifyLyrics')
    cd /Users/apple/backup/sptifylyrics
    builtin-copy -exclude .DS_Store -exclude CVS -exclude .svn -exclude .git -exclude .hg -resolve-src-symlinks -rename /Users/apple/backup/sptifylyrics/DerivedDataMVP1/Build/Intermediates.noindex/SpotifyLyrics.build/Debug/SpotifyLyrics.build/Objects-normal/arm64/SpotifyLyrics.swiftsourceinfo /Users/apple/backup/sptifylyrics/DerivedDataMVP1/Build/Products/Debug/SpotifyLyrics.swiftmodule/Project/arm64-apple-macos.swiftsourceinfo

SwiftDriverJobDiscovery normal arm64 Compiling AITranslationResponseParser.swift, OpenAICompatibleClient.swift, AITranslationService.swift, TranslationRepository.swift, TranslationSessionController.swift, LyricsEditingRepository.swift, LyricsEditorSessionController.swift, LyricsEditorWindowView.swift, LyricsEditorModels.swift, LyricsTimelineValidator.swift, LRCImportExport.swift, TextLyricsImport.swift, ManualLyricsActionsView.swift, AlignmentProvenanceStore.swift, AlignmentSessionGuard.swift, AlignmentPreviewView.swift (in target 'SpotifyLyrics' from project 'SpotifyLyrics')

SwiftDriverJobDiscovery normal arm64 Compiling PresentationCatalog.swift, PresentationPreviewRendererRegistry.swift, PresentationSelectionStore.swift, ExperienceLibrarySettingsView.swift, SettingsCenterPresentation.swift, CurrentSongOperationState.swift, CurrentSongOperationsView.swift, ReadingVersionEditorView.swift, PlaybackProvider.swift, SpotifyDesktopProvider.swift, MockPlaybackProvider.swift, ArtworkImageLoader.swift, TrackIdentity.swift, LyricsModels.swift, LRCParser.swift, LyricsMatcher.swift, LocalLyricsProvider.swift (in target 'SpotifyLyrics' from project 'SpotifyLyrics')

SwiftDriverJobDiscovery normal arm64 Compiling LiveCaptureCoordinator.swift, SegmentWAVWriter.swift, PartialAlignmentModels.swift, AlignmentLocaleRecommender.swift, SegmentPartialAlignmentPipeline.swift, AlignmentAnchor.swift, AnchorAlignmentPolicy.swift, AnchorConstrainedAligner.swift, AssistedAlignmentDraft.swift, AssistedCandidateMerger.swift, SpeechEngine.swift, AppleSpeechEngine.swift, WhisperCLISpeechEngine.swift, TranscriptNormalizer.swift, TranscriptSegmentSplitter.swift, RepeatedLyricsSectionResolver.swift, LocalAlignmentWindow.swift (in target 'SpotifyLyrics' from project 'SpotifyLyrics')

SwiftDriverJobDiscovery normal arm64 Compiling SongSearchManager.swift, SongSearchPopover.swift, LocalLyricsIndex.swift, TrackSearchModels.swift, TrackSearchProvider.swift, TrackSearchManager.swift, CurrentTrackResolver.swift, LyricsSearchManager.swift, LyricsE2ELog.swift, LocalAlignedLyricsStore.swift, SpeechForcedAlignmentService.swift, LineForcedAligner.swift, TimedTranscript.swift, AudioInputMetadata.swift, SpotifyScreenCaptureAudioSpike.swift, CaptureContinuityPolicy.swift, CapturedAudioModels.swift (in target 'SpotifyLyrics' from project 'SpotifyLyrics')

SwiftDriverJobDiscovery normal arm64 Compiling LRCLIBLyricsProvider.swift, CompositeLyricsProvider.swift, LyricsSessionController.swift, TrackBackdropView.swift, BackdropPalette.swift, MainWindowLayoutStyle.swift, ImmersiveSplitWindowView.swift, ArtworkView.swift, TrackMetadataView.swift, PlaybackControlsView.swift, LyricsViewport.swift, ArtworkBackgroundView.swift, SongSearchModels.swift, SongSearchProvider.swift, LocalSearchProvider.swift, SpotifyCurrentTrackProvider.swift, LRCLIBProvider.swift (in target 'SpotifyLyrics' from project 'SpotifyLyrics')

SwiftDriverJobDiscovery normal arm64 Compiling AutomaticAlignmentJobController.swift, AutomaticAlignmentQualityGate.swift, AutomaticAlignmentProgressStore.swift, AudioPCMConverter.swift, AlignmentService.swift, AlignmentModels.swift, AppleMusicImmersiveV3WindowView.swift, AppleMusicImmersiveV3BackdropView.swift, NetEaseExperimentalLyricsProvider.swift, LocalAudioASRService.swift, QQExperimentalLyricsProvider.swift, TrackAlias.swift, TrackMetadata.swift, TrackTextNormalizer.swift, JapaneseRomanizer.swift, JapaneseReadingPipeline.swift, ReadingModels.swift (in target 'SpotifyLyrics' from project 'SpotifyLyrics')

SwiftDriverJobDiscovery normal arm64 Compiling SQLiteLyricsRepository.swift, SpotifyAPIModels.swift, SpotifyTokenStore.swift, SpotifyCatalogService.swift, SpotifyAuthorizationManager.swift, SpotifyTrackMapper.swift, SpotifySearchProvider.swift, AppSettingsStore.swift, LyricsProviderConfiguration.swift, WindowStatePersistence.swift, SettingsDataController.swift, SettingsRootView.swift, ReadingSettingsView.swift, AITranslationModels.swift, AITranslationConfiguration.swift, AITranslationKeychain.swift, AITranslationPromptBuilder.swift (in target 'SpotifyLyrics' from project 'SpotifyLyrics')

SwiftDriverJobDiscovery normal arm64 Compiling PresentationPreviewLabView.swift, PresentationPreviewAdapters.swift, FloatingLyricsPresentation.swift, FloatingLyricsStatusView.swift, FloatingLyricsView.swift, FloatingLyricsWindowPersistence.swift, FloatingLyricsWindowController.swift, CapsuleLyricsPresentation.swift, CapsuleLyricsStatusView.swift, CapsuleLyricsView.swift, CapsuleLyricsWindowPersistence.swift, CapsuleLyricsWindowController.swift, FullScreenLyricsWindowController.swift, FullScreenLyricsPresentation.swift, FullScreenLyricsView.swift, LyricsLanguageGate.swift (in target 'SpotifyLyrics' from project 'SpotifyLyrics')

SwiftDriverJobDiscovery normal arm64 Compiling Main.swift, DebugDatabaseSafety.swift, Models.swift, MockData.swift, PlaybackState.swift, WindowManager.swift, LyricsViews.swift, MainLyricsWindowView.swift, LyricsCanvasView.swift, AssistExplainSheet.swift, LyricLineView.swift, TrackHeaderView.swift, LyricsPreferencesPopover.swift, LyricsDesignTokens.swift, PresentationPreviewLiveFactory.swift, PresentationPreviewEngine.swift, PresentationPreviewContext.swift (in target 'SpotifyLyrics' from project 'SpotifyLyrics')

SwiftDriver\ Compilation SpotifyLyrics normal arm64 com.apple.xcode.tools.swift.compiler (in target 'SpotifyLyrics' from project 'SpotifyLyrics')
    cd /Users/apple/backup/sptifylyrics
    builtin-Swift-Compilation -- /Applications/Xcode.app/Contents/Developer/Toolchains/XcodeDefault.xctoolchain/usr/bin/swiftc -module-name SpotifyLyrics -Onone @/Users/apple/backup/sptifylyrics/DerivedDataMVP1/Build/Intermediates.noindex/SpotifyLyrics.build/Debug/SpotifyLyrics.build/Objects-normal/arm64/SpotifyLyrics.SwiftFileList -DDEBUG -enable-bare-slash-regex -enable-experimental-feature DebugDescriptionMacro -sdk /Applications/Xcode.app/Contents/Developer/Platforms/MacOSX.platform/Developer/SDKs/MacOSX26.5.sdk -target arm64-apple-macos14.0 -g -module-cache-path /Users/apple/backup/sptifylyrics/DerivedDataMVP1/ModuleCache.noindex -Xfrontend -serialize-debugging-options -enable-testing -index-store-path /Users/apple/backup/sptifylyrics/DerivedDataMVP1/Index.noindex/DataStore -Xcc -D_LIBCPP_HARDENING_MODE\=_LIBCPP_HARDENING_MODE_DEBUG -swift-version 5 -I /Users/apple/backup/sptifylyrics/DerivedDataMVP1/Build/Products/Debug -F /Users/apple/backup/sptifylyrics/DerivedDataMVP1/Build/Products/Debug -c -j10 -enable-batch-mode -incremental -Xcc -ivfsstatcache -Xcc /Users/apple/backup/sptifylyrics/DerivedDataMVP1/SDKStatCaches.noindex/macosx26.5-25F70-e082c4a02f00227109f4ed75e425c832.sdkstatcache -output-file-map /Users/apple/backup/sptifylyrics/DerivedDataMVP1/Build/Intermediates.noindex/SpotifyLyrics.build/Debug/SpotifyLyrics.build/Objects-normal/arm64/SpotifyLyrics-OutputFileMap.json -use-frontend-parseable-output -save-temps -no-color-diagnostics -explicit-module-build -module-cache-path /Users/apple/backup/sptifylyrics/DerivedDataMVP1/Build/Intermediates.noindex/SwiftExplicitPrecompiledModules -clang-scanner-module-cache-path /Users/apple/backup/sptifylyrics/DerivedDataMVP1/ModuleCache.noindex -sdk-module-cache-path /Users/apple/backup/sptifylyrics/DerivedDataMVP1/ModuleCache.noindex -serialize-diagnostics -emit-dependencies -emit-module -emit-module-path /Users/apple/backup/sptifylyrics/DerivedDataMVP1/Build/Intermediates.noindex/SpotifyLyrics.build/Debug/SpotifyLyrics.build/Objects-normal/arm64/SpotifyLyrics.swiftmodule -validate-clang-modules-once -clang-build-session-file /Users/apple/backup/sptifylyrics/DerivedDataMVP1/ModuleCache.noindex/Session.modulevalidation -Xcc -I/Users/apple/backup/sptifylyrics/DerivedDataMVP1/Build/Intermediates.noindex/SpotifyLyrics.build/Debug/SpotifyLyrics.build/swift-overrides.hmap -emit-const-values -Xfrontend -const-gather-protocols-file -Xfrontend /Users/apple/backup/sptifylyrics/DerivedDataMVP1/Build/Intermediates.noindex/SpotifyLyrics.build/Debug/SpotifyLyrics.build/Objects-normal/arm64/SpotifyLyrics_const_extract_protocols.json -Xcc -iquote -Xcc /Users/apple/backup/sptifylyrics/DerivedDataMVP1/Build/Intermediates.noindex/SpotifyLyrics.build/Debug/SpotifyLyrics.build/SpotifyLyrics-generated-files.hmap -Xcc -I/Users/apple/backup/sptifylyrics/DerivedDataMVP1/Build/Intermediates.noindex/SpotifyLyrics.build/Debug/SpotifyLyrics.build/SpotifyLyrics-own-target-headers.hmap -Xcc -I/Users/apple/backup/sptifylyrics/DerivedDataMVP1/Build/Intermediates.noindex/SpotifyLyrics.build/Debug/SpotifyLyrics.build/SpotifyLyrics-all-target-headers.hmap -Xcc -iquote -Xcc /Users/apple/backup/sptifylyrics/DerivedDataMVP1/Build/Intermediates.noindex/SpotifyLyrics.build/Debug/SpotifyLyrics.build/SpotifyLyrics-project-headers.hmap -Xcc -I/Users/apple/backup/sptifylyrics/DerivedDataMVP1/Build/Products/Debug/include -Xcc -I/Users/apple/backup/sptifylyrics/DerivedDataMVP1/Build/Intermediates.noindex/SpotifyLyrics.build/Debug/SpotifyLyrics.build/DerivedSources-normal/arm64 -Xcc -I/Users/apple/backup/sptifylyrics/DerivedDataMVP1/Build/Intermediates.noindex/SpotifyLyrics.build/Debug/SpotifyLyrics.build/DerivedSources/arm64 -Xcc -I/Users/apple/backup/sptifylyrics/DerivedDataMVP1/Build/Intermediates.noindex/SpotifyLyrics.build/Debug/SpotifyLyrics.build/DerivedSources -Xcc -DDEBUG\=1 -emit-objc-header -emit-objc-header-path /Users/apple/backup/sptifylyrics/DerivedDataMVP1/Build/Intermediates.noindex/SpotifyLyrics.build/Debug/SpotifyLyrics.build/Objects-normal/arm64/SpotifyLyrics-Swift.h -working-directory /Users/apple/backup/sptifylyrics -experimental-emit-module-separately -disable-cmo

Ld /Users/apple/backup/sptifylyrics/DerivedDataMVP1/Build/Products/Debug/SpotifyLyrics.app/Contents/MacOS/SpotifyLyrics normal (in target 'SpotifyLyrics' from project 'SpotifyLyrics')
    cd /Users/apple/backup/sptifylyrics
    /Applications/Xcode.app/Contents/Developer/Toolchains/XcodeDefault.xctoolchain/usr/bin/clang -Xlinker -reproducible -target arm64-apple-macos14.0 -isysroot /Applications/Xcode.app/Contents/Developer/Platforms/MacOSX.platform/Developer/SDKs/MacOSX26.5.sdk -O0 -L/Users/apple/backup/sptifylyrics/DerivedDataMVP1/Build/Intermediates.noindex/EagerLinkingTBDs/Debug -L/Users/apple/backup/sptifylyrics/DerivedDataMVP1/Build/Products/Debug -F/Users/apple/backup/sptifylyrics/DerivedDataMVP1/Build/Intermediates.noindex/EagerLinkingTBDs/Debug -F/Users/apple/backup/sptifylyrics/DerivedDataMVP1/Build/Products/Debug -filelist /Users/apple/backup/sptifylyrics/DerivedDataMVP1/Build/Intermediates.noindex/SpotifyLyrics.build/Debug/SpotifyLyrics.build/Objects-normal/arm64/SpotifyLyrics.LinkFileList -Xlinker -rpath -Xlinker /usr/lib/swift -Xlinker -object_path_lto -Xlinker /Users/apple/backup/sptifylyrics/DerivedDataMVP1/Build/Intermediates.noindex/SpotifyLyrics.build/Debug/SpotifyLyrics.build/Objects-normal/arm64/SpotifyLyrics_lto.o -rdynamic -Xlinker -no_deduplicate -Xlinker -dependency_info -Xlinker /Users/apple/backup/sptifylyrics/DerivedDataMVP1/Build/Intermediates.noindex/SpotifyLyrics.build/Debug/SpotifyLyrics.build/Objects-normal/arm64/SpotifyLyrics_dependency_info.dat -fobjc-link-runtime -L/Applications/Xcode.app/Contents/Developer/Toolchains/XcodeDefault.xctoolchain/usr/lib/swift/macosx -L/usr/lib/swift -Xlinker -add_ast_path -Xlinker /Users/apple/backup/sptifylyrics/DerivedDataMVP1/Build/Intermediates.noindex/SpotifyLyrics.build/Debug/SpotifyLyrics.build/Objects-normal/arm64/SpotifyLyrics.swiftmodule @/Users/apple/backup/sptifylyrics/DerivedDataMVP1/Build/Intermediates.noindex/SpotifyLyrics.build/Debug/SpotifyLyrics.build/Objects-normal/arm64/SpotifyLyrics-linker-args.resp -Xlinker -no_adhoc_codesign -o /Users/apple/backup/sptifylyrics/DerivedDataMVP1/Build/Products/Debug/SpotifyLyrics.app/Contents/MacOS/SpotifyLyrics

ExtractAppIntentsMetadata (in target 'SpotifyLyrics' from project 'SpotifyLyrics')
    cd /Users/apple/backup/sptifylyrics
    /Applications/Xcode.app/Contents/Developer/Toolchains/XcodeDefault.xctoolchain/usr/bin/appintentsmetadataprocessor --toolchain-dir /Applications/Xcode.app/Contents/Developer/Toolchains/XcodeDefault.xctoolchain --module-name SpotifyLyrics --sdk-root /Applications/Xcode.app/Contents/Developer/Platforms/MacOSX.platform/Developer/SDKs/MacOSX26.5.sdk --xcode-version 17F113 --platform-family macOS --deployment-target 14.0 --bundle-identifier com.spotifylyrics.app --output /Users/apple/backup/sptifylyrics/DerivedDataMVP1/Build/Products/Debug/SpotifyLyrics.app/Contents/Resources --target-triple arm64-apple-macos14.0 --binary-file /Users/apple/backup/sptifylyrics/DerivedDataMVP1/Build/Products/Debug/SpotifyLyrics.app/Contents/MacOS/SpotifyLyrics --dependency-file /Users/apple/backup/sptifylyrics/DerivedDataMVP1/Build/Intermediates.noindex/SpotifyLyrics.build/Debug/SpotifyLyrics.build/Objects-normal/arm64/SpotifyLyrics_dependency_info.dat --stringsdata-file /Users/apple/backup/sptifylyrics/DerivedDataMVP1/Build/Intermediates.noindex/SpotifyLyrics.build/Debug/SpotifyLyrics.build/Objects-normal/arm64/ExtractedAppShortcutsMetadata.stringsdata --source-file-list /Users/apple/backup/sptifylyrics/DerivedDataMVP1/Build/Intermediates.noindex/SpotifyLyrics.build/Debug/SpotifyLyrics.build/Objects-normal/arm64/SpotifyLyrics.SwiftFileList --metadata-file-list /Users/apple/backup/sptifylyrics/DerivedDataMVP1/Build/Intermediates.noindex/SpotifyLyrics.build/Debug/SpotifyLyrics.build/SpotifyLyrics.DependencyMetadataFileList --static-metadata-file-list /Users/apple/backup/sptifylyrics/DerivedDataMVP1/Build/Intermediates.noindex/SpotifyLyrics.build/Debug/SpotifyLyrics.build/SpotifyLyrics.DependencyStaticMetadataFileList --swift-const-vals-list /Users/apple/backup/sptifylyrics/DerivedDataMVP1/Build/Intermediates.noindex/SpotifyLyrics.build/Debug/SpotifyLyrics.build/Objects-normal/arm64/SpotifyLyrics.SwiftConstValuesFileList --compile-time-extraction --deployment-aware-processing --validate-assistant-intents --no-app-shortcuts-localization
2026-08-05 13:21:58.791 appintentsmetadataprocessor[18496:11836722] Starting appintentsmetadataprocessor export
2026-08-05 13:21:58.795 appintentsmetadataprocessor[18496:11836722] warning: Metadata extraction skipped. No AppIntents.framework dependency found.

CopySwiftLibs /Users/apple/backup/sptifylyrics/DerivedDataMVP1/Build/Products/Debug/SpotifyLyrics.app (in target 'SpotifyLyrics' from project 'SpotifyLyrics')
    cd /Users/apple/backup/sptifylyrics
    builtin-swiftStdLibTool --copy --verbose --sign 0A16D877CC7A0FCD207927CA6BA1361C7BFF7449 --Xcodesign --timestamp\=none --scan-executable /Users/apple/backup/sptifylyrics/DerivedDataMVP1/Build/Products/Debug/SpotifyLyrics.app/Contents/MacOS/SpotifyLyrics --scan-folder /Users/apple/backup/sptifylyrics/DerivedDataMVP1/Build/Products/Debug/SpotifyLyrics.app/Contents/Frameworks --scan-folder /Users/apple/backup/sptifylyrics/DerivedDataMVP1/Build/Products/Debug/SpotifyLyrics.app/Contents/PlugIns --scan-folder /Users/apple/backup/sptifylyrics/DerivedDataMVP1/Build/Products/Debug/SpotifyLyrics.app/Contents/Library/SystemExtensions --scan-folder /Users/apple/backup/sptifylyrics/DerivedDataMVP1/Build/Products/Debug/SpotifyLyrics.app/Contents/Extensions --platform macosx --toolchain /Applications/Xcode.app/Contents/Developer/Toolchains/XcodeDefault.xctoolchain --destination /Users/apple/backup/sptifylyrics/DerivedDataMVP1/Build/Products/Debug/SpotifyLyrics.app/Contents/Frameworks --strip-bitcode --strip-bitcode-tool /Applications/Xcode.app/Contents/Developer/Toolchains/XcodeDefault.xctoolchain/usr/bin/bitcode_strip --emit-dependency-info /Users/apple/backup/sptifylyrics/DerivedDataMVP1/Build/Intermediates.noindex/SpotifyLyrics.build/Debug/SpotifyLyrics.build/SwiftStdLibToolInputDependencies.dep --filter-for-swift-os --back-deploy-swift-span

CodeSign /Users/apple/backup/sptifylyrics/DerivedDataMVP1/Build/Products/Debug/SpotifyLyrics.app (in target 'SpotifyLyrics' from project 'SpotifyLyrics')
    cd /Users/apple/backup/sptifylyrics
    
    Signing Identity:     "Apple Development: 3881920884@qq.com (XJDV53A9C8)"
    
    /usr/bin/codesign --force --sign 0A16D877CC7A0FCD207927CA6BA1361C7BFF7449 --timestamp\=none --entitlements /Users/apple/backup/sptifylyrics/DerivedDataMVP1/Build/Intermediates.noindex/SpotifyLyrics.build/Debug/SpotifyLyrics.build/SpotifyLyrics.app.xcent --generate-entitlement-der /Users/apple/backup/sptifylyrics/DerivedDataMVP1/Build/Products/Debug/SpotifyLyrics.app

RegisterExecutionPolicyException /Users/apple/backup/sptifylyrics/DerivedDataMVP1/Build/Products/Debug/SpotifyLyrics.app (in target 'SpotifyLyrics' from project 'SpotifyLyrics')
    cd /Users/apple/backup/sptifylyrics
    builtin-RegisterExecutionPolicyException /Users/apple/backup/sptifylyrics/DerivedDataMVP1/Build/Products/Debug/SpotifyLyrics.app

Validate /Users/apple/backup/sptifylyrics/DerivedDataMVP1/Build/Products/Debug/SpotifyLyrics.app (in target 'SpotifyLyrics' from project 'SpotifyLyrics')
    cd /Users/apple/backup/sptifylyrics
    builtin-validationUtility /Users/apple/backup/sptifylyrics/DerivedDataMVP1/Build/Products/Debug/SpotifyLyrics.app -no-validate-extension -infoplist-subpath Contents/Info.plist

Touch /Users/apple/backup/sptifylyrics/DerivedDataMVP1/Build/Products/Debug/SpotifyLyrics.app (in target 'SpotifyLyrics' from project 'SpotifyLyrics')
    cd /Users/apple/backup/sptifylyrics
    /usr/bin/touch -c /Users/apple/backup/sptifylyrics/DerivedDataMVP1/Build/Products/Debug/SpotifyLyrics.app

RegisterWithLaunchServices /Users/apple/backup/sptifylyrics/DerivedDataMVP1/Build/Products/Debug/SpotifyLyrics.app (in target 'SpotifyLyrics' from project 'SpotifyLyrics')
    cd /Users/apple/backup/sptifylyrics
    /System/Library/Frameworks/CoreServices.framework/Versions/Current/Frameworks/LaunchServices.framework/Versions/Current/Support/lsregister -f -R -trusted /Users/apple/backup/sptifylyrics/DerivedDataMVP1/Build/Products/Debug/SpotifyLyrics.app

** BUILD SUCCEEDED **

